problem;set;formula;selected;occurrences
Tc1p;set0;T1+d;TRUE;2
Tc1p;set0;T1+P1;FALSE;2
Tc1p;set0;T1-P1;TRUE;5
Tc1p;set0;P1+d;TRUE;3
Tc1p;set0;T1-d;TRUE;119
Tc1p;set1;T1+(P1+d);FALSE;0
Tc1p;set1;(T1+d)+P1;FALSE;0
Tc1p;set1;(T1+P1)-d;FALSE;22
Tc1p;set1;T1-(P1-d);TRUE;0
Tc1p;set1;(T1+d)-P1;TRUE;1
Tc1p;set1;(T1-P1)-d;TRUE;5
Tc1p;set1;(T1-P1)+d;TRUE;2
Tc1p;set1;(T1-d)+P1;FALSE;0
Tc1p;set1;T1+(P1-d);FALSE;0
Tc1p;set1;(T1+P1)+d;FALSE;2
Tc1p;set1;(T1-d)-P1;TRUE;26
Tc1p;set1;T1-(P1+d);FALSE;1
Tc1p;set2;T1+(T1-d);FALSE;0
Tc1p;set2;P1+(P1-d);FALSE;0
Tc1p;set2;(T1-d)-d;TRUE;0
Tc1p;set2;(P1-d)+d;FALSE;0
Tc1p;set2;(T1+d)-d;FALSE;1
Tc1p;set2;T1-(T1-d);TRUE;1
Tc1p;set2;(T1+P1)-P1;FALSE;0
Tc1p;set2;(T1+P1)-T1;TRUE;0
Tc1p;set2;(T1+P1)+T1;FALSE;0
Tc1p;set2;(P1-d)-d;FALSE;0
Tc1p;set2;(T1+P1)+P1;FALSE;0
Tc1p;set2;T1-(T1-P1);TRUE;0
Tc1p;set2;(T1-P1)-P1;TRUE;0
Tc1p;set2;(T1-P1)+P1;FALSE;0
Tc1p;set2;(T1+d)+d;FALSE;0
Tc1p;set2;(P1+d)+P1;FALSE;0
Tc1p;set2;(T1+d)-T1;TRUE;0
Tc1p;set2;P1-(P1-d);TRUE;0
Tc1p;set2;(P1+d)-P1;FALSE;0
Tc1p;set2;(T1-d)+d;FALSE;1
Tc1p;set2;(P1+d)+d;FALSE;0
Tc1p;set2;T1+(T1-P1);FALSE;0
Tc1p;set2;(P1+d)-d;FALSE;0
Tc1p;set2;(T1+d)+T1;FALSE;0
Tc1p;set3;(T1+d)+(T1-P1);FALSE;0
Tc1p;set3;((T1-d)+P1)+d;FALSE;0
Tc1p;set3;T1-((P1+d)-d);FALSE;0
Tc1p;set3;T1+((P1+d)-P1);FALSE;0
Tc1p;set3;(T1+P1)-(P1-d);FALSE;0
Tc1p;set3;T1-((P1+d)-P1);FALSE;0
Tc1p;set3;(T1+(T1-P1))+d;FALSE;0
Tc1p;set3;P1-(T1-(P1+d));FALSE;0
Tc1p;set3;(T1-d)+(T1-P1);FALSE;0
Tc1p;set3;T1+((T1+d)-P1);FALSE;0
Tc1p;set3;((T1+P1)+T1)-d;FALSE;0
Tc1p;set3;T1+(P1+(P1-d));FALSE;0
Tc1p;set3;((T1+d)+P1)+d;FALSE;0
Tc1p;set3;T1+((P1+d)+d);FALSE;0
Tc1p;set3;T1-((P1+d)+P1);FALSE;0
Tc1p;set3;(T1+P1)+(T1-d);FALSE;0
Tc1p;set3;T1+((P1+d)-d);FALSE;0
Tc1p;set3;(T1+P1)-(T1+d);FALSE;0
Tc1p;set3;((T1-P1)+d)-d;FALSE;0
Tc1p;set3;((T1-P1)+P1)-d;FALSE;0
Tc1p;set3;P1+(T1-(T1-d));FALSE;0
Tc1p;set3;(T1+P1)+(P1+d);FALSE;0
Tc1p;set3;((T1+P1)+d)+d;FALSE;0
Tc1p;set3;(T1-(P1-d))+d;FALSE;0
Tc1p;set3;(T1+(P1-d))-T1;FALSE;0
Tc1p;set3;P1-((T1-d)-P1);FALSE;0
Tc1p;set3;T1+((P1+d)+P1);FALSE;0
Tc1p;set3;((T1-d)+P1)-P1;FALSE;0
Tc1p;set3;((T1-d)-P1)-d;FALSE;0
Tc1p;set3;T1+(P1-(P1-d));FALSE;0
Tc1p;set3;(T1-d)-(P1-d);TRUE;0
Tc1p;set3;T1+((P1-d)-d);FALSE;0
Tc1p;set3;(T1-P1)-(P1-d);TRUE;0
Tc1p;set3;T1-((P1+d)+d);FALSE;0
Tc1p;set3;((T1+d)+T1)-P1;FALSE;0
Tc1p;set3;((T1+P1)-T1)+d;FALSE;0
Tc1p;set3;(T1+(P1+d))+P1;FALSE;0
Tc1p;set3;(T1+(P1+d))-T1;FALSE;0
Tc1p;set3;T1+(T1-(P1+d));FALSE;0
Tc1p;set3;P1+((T1-P1)-d);FALSE;0
Tc1p;set3;((T1-P1)+d)-P1;FALSE;0
Tc1p;set3;((T1+P1)+T1)+d;FALSE;0
Tc1p;set3;((T1+d)+d)+P1;FALSE;0
Tc1p;set3;(T1-(P1+d))+d;FALSE;0
Tc1p;set3;(T1-P1)+(P1-d);FALSE;1
Tc1p;set3;((T1+d)-d)+P1;FALSE;0
Tc1p;set3;((T1-d)+P1)-d;FALSE;0
Tc1p;set3;(T1+P1)-(P1+d);FALSE;0
Tc1p;set3;((T1+P1)+P1)-d;FALSE;0
Tc1p;set3;T1+((T1-P1)-d);FALSE;0
Tc1p;set3;(T1+(P1+d))+d;FALSE;0
Tc1p;set3;((T1-d)-d)-P1;FALSE;0
Tc1p;set3;((T1+P1)-P1)-d;TRUE;0
Tc1p;set3;T1-((T1-P1)+d);FALSE;0
Tc1p;set3;T1-(T1-(P1+d));FALSE;0
Tc1p;set3;d+((T1-P1)-P1);FALSE;0
Tc1p;set3;((T1+P1)+d)+T1;FALSE;0
Tc1p;set3;((T1+P1)-d)+T1;FALSE;0
Tc1p;set3;(T1+(P1-d))+P1;FALSE;0
Tc1p;set3;(T1+(T1-d))-P1;FALSE;0
Tc1p;set3;((T1+d)+P1)-P1;FALSE;0
Tc1p;set3;T1-((P1-d)-d);FALSE;0
Tc1p;set3;((T1+d)-P1)+P1;FALSE;0
Tc1p;set3;((T1-d)+P1)+T1;FALSE;0
Tc1p;set3;((T1+P1)-d)+P1;FALSE;0
Tc1p;set3;((T1+P1)+d)-T1;TRUE;0
Tc1p;set3;(T1-d)+(P1-d);FALSE;0
Tc1p;set3;((T1-P1)+d)+d;FALSE;0
Tc1p;set3;(T1-(T1-P1))-d;TRUE;0
Tc1p;set3;((T1-P1)-d)+d;FALSE;0
Tc1p;set3;T1-((T1+d)-P1);FALSE;0
Tc1p;set3;(T1+(P1-d))+d;FALSE;0
Tc1p;set3;((T1+P1)-d)-T1;TRUE;0
Tc1p;set3;(T1-P1)+(P1+d);FALSE;0
Tc1p;set3;T1-(T1-(P1-d));FALSE;0
Tc1p;set3;T1-(P1-(P1-d));FALSE;0
Tc1p;set3;((T1-d)+d)+P1;FALSE;0
Tc1p;set3;((T1+d)+P1)+T1;FALSE;0
Tc1p;set3;(T1-(P1+d))-d;FALSE;0
Tc1p;set3;((T1+d)-d)-P1;FALSE;0
Tc1p;set3;(T1+d)+(P1+d);FALSE;0
Tc1p;set3;((T1-P1)+d)+P1;FALSE;0
Tc1p;set3;(T1-d)-(P1+d);FALSE;0
Tc1p;set3;(T1+d)-(T1-P1);TRUE;0
Tc1p;set3;P1+((T1-d)-P1);FALSE;0
Tc1p;set3;(T1+P1)-(T1-d);TRUE;0
Tc1p;set3;(P1+d)-(T1-P1);FALSE;0
Tc1p;set3;P1-(T1-(T1-d));TRUE;0
Tc1p;set3;((T1+P1)-d)-P1;TRUE;0
Tc1p;set3;T1+((T1-P1)+d);FALSE;0
Tc1p;set3;((T1-d)+P1)-T1;FALSE;0
Tc1p;set3;d-((T1-P1)-P1);FALSE;0
Tc1p;set3;P1+(T1-(P1+d));FALSE;0
Tc1p;set3;P1-((T1+d)-T1);FALSE;0
Tc1p;set3;((T1+P1)+P1)+d;FALSE;0
Tc1p;set3;(T1+(P1-d))-P1;FALSE;0
Tc1p;set3;((T1+P1)+d)-P1;FALSE;0
Tc1p;set3;T1-((T1-d)-P1);FALSE;0
Tc1p;set3;(T1+(T1-P1))-d;FALSE;0
Tc1p;set3;((T1-P1)-d)-d;TRUE;0
Tc1p;set3;(T1+d)+(P1-d);FALSE;0
Tc1p;set3;((T1+P1)-T1)-d;FALSE;0
Tc1p;set3;((T1+P1)-d)+d;FALSE;0
Tc1p;set3;((T1+P1)-P1)+d;FALSE;0
Tc1p;set3;((T1-d)-d)+P1;FALSE;0
Tc1p;set3;(T1-(P1-d))-P1;FALSE;0
Tc1p;set3;((T1+d)-P1)-d;FALSE;0
Tc1p;set3;T1-(P1+(P1-d));FALSE;0
Tc1p;set3;(T1-d)+(P1+d);FALSE;0
Tc1p;set3;(T1+P1)+(T1+d);FALSE;0
Tc1p;set3;(T1+(P1+d))+T1;FALSE;0
Tc1p;set3;((T1-P1)+P1)+d;FALSE;0
Tc1p;set3;T1+(T1-(P1-d));FALSE;0
Tc1p;set3;T1+((T1-d)-P1);FALSE;0
Tc1p;set3;(T1-P1)-(P1+d);FALSE;0
Tc1p;set3;(T1+d)-(P1-d);FALSE;0
Tc1p;set3;((T1+P1)+d)-d;FALSE;0
Tc1p;set3;((T1+P1)-d)-d;FALSE;0
Tc1p;set3;(P1+d)+(T1-P1);FALSE;0
Tc1p;set3;(T1+(T1-d))+P1;FALSE;0
Tc1p;set3;(T1+(P1-d))-d;FALSE;0
Tc1p;set3;((T1+P1)+d)+P1;FALSE;0
Tc1p;set3;((T1+d)+d)-P1;FALSE;0
Tc1p;set3;((T1+d)+P1)-d;FALSE;0
Tc1p;set3;((T1-d)+d)-P1;FALSE;0
Tc1p;set3;T1-((T1-P1)-d);TRUE;0
Tc1p;set3;((T1+d)+P1)+P1;FALSE;0
Tc1p;set3;((T1+d)+P1)-T1;FALSE;0
Tc1p;set3;(T1+(P1+d))-P1;FALSE;0
Tc1p;set3;T1+((P1-d)+d);FALSE;0
Tc1p;set3;((T1-d)+P1)+P1;FALSE;0
Tc1p;set3;(T1+P1)+(P1-d);FALSE;0
Tc1p;set3;((T1+d)-P1)+d;FALSE;0
Tc1p;set3;((T1+d)+T1)+P1;FALSE;0
Tc1p;set3;(T1+(P1-d))+T1;FALSE;0
Tc1p;set3;(T1+d)-(P1+d);FALSE;0
Tc1p;set3;(T1-(P1-d))+P1;FALSE;0
Tc1p;set3;(T1+(P1+d))-d;FALSE;0
Tc1p;set3;T1-((P1-d)+d);FALSE;0
Tc1p;set3;(T1-(P1-d))-d;FALSE;0
Tc1p;set3;((T1-d)-P1)+d;FALSE;0
Tc1p;set3;P1+((T1+d)-T1);FALSE;0
Tc1p;set3;P1-((T1-P1)-d);FALSE;0
Tc1p;set3;(T1-(T1-P1))+d;FALSE;0
Tc1p;set3;((T1+d)-P1)-P1;FALSE;0
Tc2t;set0;T1+d;TRUE;10
Tc2t;set0;T1+P1;TRUE;0
Tc2t;set0;P1-d;TRUE;5
Tc2t;set0;T1-P1;FALSE;0
Tc2t;set0;P1+d;TRUE;2
Tc2t;set1;T1+(P1+d);TRUE;0
Tc2t;set1;(T1+d)+P1;FALSE;0
Tc2t;set1;(T1+P1)-d;TRUE;8
Tc2t;set1;T1-(P1-d);TRUE;5
Tc2t;set1;(T1+d)-P1;FALSE;0
Tc2t;set1;(T1-P1)-d;TRUE;23
Tc2t;set1;(T1-P1)+d;TRUE;13
Tc2t;set1;(T1-d)+P1;FALSE;0
Tc2t;set1;T1+(P1-d);TRUE;5
Tc2t;set1;(T1+P1)+d;TRUE;1
Tc2t;set1;(T1-d)-P1;FALSE;0
Tc2t;set1;T1-(P1+d);TRUE;0
Tc2t;set2;T1+(T1-d);FALSE;0
Tc2t;set2;P1+(P1-d);TRUE;0
Tc2t;set2;(T1-d)-d;FALSE;0
Tc2t;set2;(P1-d)+d;TRUE;0
Tc2t;set2;(T1+d)-d;FALSE;0
Tc2t;set2;T1-(T1-d);FALSE;0
Tc2t;set2;(T1+P1)-P1;FALSE;0
Tc2t;set2;(T1+P1)-T1;FALSE;0
Tc2t;set2;(T1+P1)+T1;FALSE;0
Tc2t;set2;(P1-d)-d;FALSE;0
Tc2t;set2;(T1+P1)+P1;FALSE;0
Tc2t;set2;T1-(T1-P1);FALSE;0
Tc2t;set2;(T1-P1)-P1;FALSE;0
Tc2t;set2;(T1-P1)+P1;TRUE;0
Tc2t;set2;(T1+d)+d;FALSE;0
Tc2t;set2;(P1+d)+P1;TRUE;0
Tc2t;set2;(T1+d)-T1;FALSE;0
Tc2t;set2;P1-(P1-d);TRUE;0
Tc2t;set2;(P1+d)-P1;TRUE;0
Tc2t;set2;(T1-d)+d;FALSE;0
Tc2t;set2;(P1+d)+d;FALSE;0
Tc2t;set2;T1+(T1-P1);FALSE;0
Tc2t;set2;(P1+d)-d;FALSE;0
Tc2t;set2;(T1+d)+T1;FALSE;0
Tc2t;set3;(T1+d)+(T1-P1);FALSE;0
Tc2t;set3;((T1-d)+P1)+d;FALSE;0
Tc2t;set3;T1-((P1+d)-d);FALSE;0
Tc2t;set3;T1+((P1+d)-P1);FALSE;0
Tc2t;set3;(T1+P1)-(P1-d);TRUE;0
Tc2t;set3;T1-((P1+d)-P1);FALSE;0
Tc2t;set3;(T1+(T1-P1))+d;FALSE;0
Tc2t;set3;((T1+P1)-d)-d;FALSE;0
Tc2t;set3;(T1-d)+(T1-P1);FALSE;0
Tc2t;set3;T1+((T1+d)-P1);FALSE;0
Tc2t;set3;((T1-d)-P1)+P1;FALSE;0
Tc2t;set3;((T1+P1)+T1)-d;FALSE;0
Tc2t;set3;T1+(P1+(P1-d));FALSE;0
Tc2t;set3;((T1+d)+P1)+d;FALSE;0
Tc2t;set3;T1+((P1+d)+d);FALSE;0
Tc2t;set3;T1-((P1+d)+P1);FALSE;0
Tc2t;set3;(T1+P1)+(T1-d);FALSE;0
Tc2t;set3;T1+((P1+d)-d);FALSE;0
Tc2t;set3;(T1+P1)-(T1+d);FALSE;0
Tc2t;set3;((T1-P1)+d)-d;FALSE;0
Tc2t;set3;(T1-(P1+d))+P1;FALSE;0
Tc2t;set3;((T1-P1)+P1)-d;TRUE;0
Tc2t;set3;P1+(T1-(T1-d));FALSE;0
Tc2t;set3;(T1+P1)+(P1+d);FALSE;0
Tc2t;set3;((T1+P1)+d)+d;FALSE;0
Tc2t;set3;(T1-(P1-d))+d;FALSE;0
Tc2t;set3;(T1+(P1-d))-T1;FALSE;0
Tc2t;set3;T1+((P1+d)+P1);FALSE;0
Tc2t;set3;((T1+d)+d)-P1;FALSE;0
Tc2t;set3;((T1-d)+P1)-P1;FALSE;0
Tc2t;set3;((T1-d)-P1)-d;FALSE;0
Tc2t;set3;T1+(P1-(P1-d));FALSE;0
Tc2t;set3;(T1-d)-(P1-d);FALSE;0
Tc2t;set3;T1+((P1-d)-d);FALSE;0
Tc2t;set3;(T1-P1)-(P1-d);FALSE;0
Tc2t;set3;((T1-P1)-d)-P1;FALSE;0
Tc2t;set3;T1-((P1+d)+d);FALSE;0
Tc2t;set3;((T1+d)+T1)-P1;FALSE;0
Tc2t;set3;((T1+P1)-T1)+d;FALSE;0
Tc2t;set3;(T1+(P1+d))+P1;FALSE;0
Tc2t;set3;(T1+(P1+d))-T1;FALSE;0
Tc2t;set3;T1+(T1-(P1+d));FALSE;0
Tc2t;set3;((T1-P1)+d)-P1;FALSE;0
Tc2t;set3;((T1+P1)+T1)+d;FALSE;0
Tc2t;set3;((T1+d)+d)+P1;FALSE;0
Tc2t;set3;(T1-(P1+d))+d;FALSE;0
Tc2t;set3;((T1+d)-d)+P1;FALSE;0
Tc2t;set3;((T1-d)+P1)-d;FALSE;0
Tc2t;set3;(T1+P1)-(P1+d);TRUE;0
Tc2t;set3;((T1+P1)+P1)-d;FALSE;0
Tc2t;set3;T1+((T1-P1)-d);TRUE;1
Tc2t;set3;(T1+(P1+d))+d;FALSE;0
Tc2t;set3;((T1-d)-d)-P1;FALSE;0
Tc2t;set3;((T1+P1)-P1)-d;FALSE;0
Tc2t;set3;(T1-(P1+d))-P1;FALSE;0
Tc2t;set3;T1-((T1-P1)+d);TRUE;0
Tc2t;set3;T1-(T1-(P1+d));FALSE;0
Tc2t;set3;((T1+P1)+d)+T1;FALSE;0
Tc2t;set3;((T1+P1)-d)+T1;FALSE;0
Tc2t;set3;(T1+(P1-d))+P1;FALSE;0
Tc2t;set3;(T1+(T1-d))-P1;FALSE;0
Tc2t;set3;((T1+d)+P1)-P1;FALSE;0
Tc2t;set3;T1-((P1-d)-d);FALSE;0
Tc2t;set3;((T1+d)-P1)+P1;FALSE;0
Tc2t;set3;((T1-d)+P1)+T1;FALSE;0
Tc2t;set3;((T1+P1)-d)+P1;FALSE;0
Tc2t;set3;((T1+P1)+d)-T1;FALSE;0
Tc2t;set3;(T1-d)+(P1-d);TRUE;0
Tc2t;set3;((T1-P1)+d)+d;FALSE;0
Tc2t;set3;(T1-(T1-P1))-d;FALSE;0
Tc2t;set3;(T1-d)-(T1-P1);FALSE;0
Tc2t;set3;((T1-P1)-d)+d;TRUE;0
Tc2t;set3;T1-((T1+d)-P1);FALSE;0
Tc2t;set3;(T1+(P1-d))+d;FALSE;0
Tc2t;set3;((T1+P1)-d)-T1;FALSE;0
Tc2t;set3;(T1-P1)+(P1+d);TRUE;0
Tc2t;set3;T1-(T1-(P1-d));FALSE;0
Tc2t;set3;((T1-P1)-P1)-d;FALSE;0
Tc2t;set3;T1-(P1-(P1-d));TRUE;0
Tc2t;set3;((T1-d)+d)+P1;FALSE;0
Tc2t;set3;((T1+d)+P1)+T1;FALSE;0
Tc2t;set3;(T1-(P1+d))-d;FALSE;0
Tc2t;set3;((T1-d)-P1)-P1;FALSE;0
Tc2t;set3;((T1+d)-d)-P1;FALSE;0
Tc2t;set3;(T1+d)+(P1+d);FALSE;0
Tc2t;set3;((T1-P1)+d)+P1;TRUE;0
Tc2t;set3;(T1-d)-(P1+d);FALSE;0
Tc2t;set3;(T1+d)-(T1-P1);FALSE;0
Tc2t;set3;(T1+P1)-(T1-d);FALSE;0
Tc2t;set3;(T1+P1)+(P1-d);FALSE;0
Tc2t;set3;P1-(T1-(T1-d));FALSE;0
Tc2t;set3;((T1+P1)-d)-P1;FALSE;0
Tc2t;set3;T1+((T1-P1)+d);FALSE;0
Tc2t;set3;((T1-d)+P1)-T1;FALSE;0
Tc2t;set3;((T1+d)-P1)-d;FALSE;0
Tc2t;set3;P1-((T1+d)-T1);FALSE;0
Tc2t;set3;((T1+P1)+P1)+d;FALSE;0
Tc2t;set3;(T1+(P1-d))-P1;FALSE;0
Tc2t;set3;((T1+P1)+d)-P1;FALSE;0
Tc2t;set3;T1-((T1-d)-P1);FALSE;0
Tc2t;set3;(T1+(T1-P1))-d;TRUE;0
Tc2t;set3;((T1-P1)-d)-d;TRUE;0
Tc2t;set3;(T1+d)+(P1-d);FALSE;0
Tc2t;set3;((T1+P1)-T1)-d;FALSE;0
Tc2t;set3;((T1+P1)-d)+d;FALSE;0
Tc2t;set3;((T1+P1)-P1)+d;FALSE;0
Tc2t;set3;((T1-d)-d)+P1;FALSE;0
Tc2t;set3;(T1-(P1-d))-P1;FALSE;0
Tc2t;set3;((T1+P1)+d)-d;FALSE;0
Tc2t;set3;T1-(P1+(P1-d));FALSE;0
Tc2t;set3;(T1-d)+(P1+d);FALSE;0
Tc2t;set3;(T1+P1)+(T1+d);FALSE;0
Tc2t;set3;(T1+(P1+d))+T1;FALSE;0
Tc2t;set3;((T1-P1)+P1)+d;FALSE;0
Tc2t;set3;T1+(T1-(P1-d));FALSE;0
Tc2t;set3;T1+((T1-d)-P1);FALSE;0
Tc2t;set3;(T1-P1)-(P1+d);FALSE;0
Tc2t;set3;(T1+d)-(P1-d);FALSE;0
Tc2t;set3;((T1+d)+P1)-d;FALSE;0
Tc2t;set3;(T1+(T1-d))+P1;FALSE;0
Tc2t;set3;(T1+(P1-d))-d;FALSE;0
Tc2t;set3;((T1+P1)+d)+P1;FALSE;0
Tc2t;set3;((T1-P1)-P1)+d;FALSE;0
Tc2t;set3;((T1-d)+d)-P1;FALSE;0
Tc2t;set3;T1-((T1-P1)-d);TRUE;0
Tc2t;set3;((T1+d)+P1)+P1;FALSE;0
Tc2t;set3;((T1-P1)-d)+P1;TRUE;0
Tc2t;set3;((T1+d)+P1)-T1;FALSE;0
Tc2t;set3;(T1+(P1+d))-P1;FALSE;0
Tc2t;set3;T1+((P1-d)+d);FALSE;0
Tc2t;set3;((T1-d)+P1)+P1;FALSE;0
Tc2t;set3;((T1+d)-P1)+d;FALSE;0
Tc2t;set3;((T1+d)+T1)+P1;FALSE;0
Tc2t;set3;(T1+(P1-d))+T1;FALSE;0
Tc2t;set3;(T1+d)-(P1+d);FALSE;0
Tc2t;set3;(T1-(P1-d))+P1;FALSE;0
Tc2t;set3;(T1+(P1+d))-d;FALSE;0
Tc2t;set3;T1-((P1-d)+d);FALSE;0
Tc2t;set3;(T1-(P1-d))-d;FALSE;0
Tc2t;set3;((T1-d)-P1)+d;FALSE;0
Tc2t;set3;P1+((T1+d)-T1);FALSE;0
Tc2t;set3;(T1-(T1-P1))+d;FALSE;0
Tc2t;set3;((T1+d)-P1)-P1;FALSE;0
Cc4p;set0;T1+d;TRUE;1
Cc4p;set0;T1+P1;FALSE;1
Cc4p;set0;T1-P1;FALSE;9
Cc4p;set0;P1+d;FALSE;0
Cc4p;set0;T1-d;TRUE;48
Cc4p;set1;T1+(P1+d);FALSE;0
Cc4p;set1;(T1+d)+P1;FALSE;0
Cc4p;set1;(T1+P1)-d;FALSE;4
Cc4p;set1;T1-(P1-d);FALSE;0
Cc4p;set1;(T1+d)-P1;FALSE;0
Cc4p;set1;(T1-P1)-d;TRUE;12
Cc4p;set1;(T1-P1)+d;FALSE;0
Cc4p;set1;(T1-d)+P1;FALSE;1
Cc4p;set1;T1+(P1-d);FALSE;0
Cc4p;set1;(T1+P1)+d;FALSE;0
Cc4p;set1;(T1-d)-P1;TRUE;15
Cc4p;set1;T1-(P1+d);FALSE;0
Cc4p;set2;P1-(T1-P1);FALSE;0
Cc4p;set2;T1+(T1-d);FALSE;0
Cc4p;set2;P1+(P1-d);FALSE;0
Cc4p;set2;(T1-d)-d;TRUE;0
Cc4p;set2;(P1-d)+d;FALSE;0
Cc4p;set2;(T1+d)-d;TRUE;0
Cc4p;set2;T1-(T1-d);TRUE;1
Cc4p;set2;(T1+P1)-P1;FALSE;0
Cc4p;set2;(T1+P1)-T1;FALSE;0
Cc4p;set2;(T1+P1)+T1;FALSE;0
Cc4p;set2;(P1-d)-d;FALSE;0
Cc4p;set2;(T1+P1)+P1;FALSE;0
Cc4p;set2;T1-(T1-P1);FALSE;1
Cc4p;set2;T1+(T1-P1);FALSE;0
Cc4p;set2;P1+(T1-P1);FALSE;0
Cc4p;set2;(T1+d)+d;FALSE;0
Cc4p;set2;(P1+d)+P1;FALSE;0
Cc4p;set2;(T1+d)-T1;TRUE;0
Cc4p;set2;P1-(P1-d);FALSE;0
Cc4p;set2;(P1+d)-P1;FALSE;0
Cc4p;set2;(T1-d)+d;FALSE;0
Cc4p;set2;(P1+d)+d;FALSE;0
Cc4p;set2;(P1+d)-d;FALSE;0
Cc4p;set2;(T1+d)+T1;FALSE;0
Cc4p;set3;(P1-(T1-P1))+d;FALSE;0
Cc4p;set3;(T1+d)+(T1-P1);FALSE;0
Cc4p;set3;((T1-d)+P1)+d;FALSE;0
Cc4p;set3;T1-((P1+d)-d);FALSE;0
Cc4p;set3;T1+((P1+d)-P1);FALSE;0
Cc4p;set3;(T1+P1)-(P1-d);FALSE;0
Cc4p;set3;T1-((P1+d)-P1);FALSE;0
Cc4p;set3;(T1+(T1-P1))+d;FALSE;0
Cc4p;set3;(T1-(P1+d))+d;FALSE;0
Cc4p;set3;(T1-d)+(T1-P1);FALSE;0
Cc4p;set3;T1+((T1+d)-P1);FALSE;0
Cc4p;set3;P1+((T1+d)-P1);FALSE;0
Cc4p;set3;((T1+P1)+T1)-d;FALSE;0
Cc4p;set3;((T1+d)+P1)+d;FALSE;0
Cc4p;set3;T1+((P1+d)+d);FALSE;0
Cc4p;set3;(T1+P1)+(T1-d);FALSE;0
Cc4p;set3;T1+((P1+d)-d);FALSE;0
Cc4p;set3;(T1+P1)-(T1+d);FALSE;0
Cc4p;set3;((T1-P1)+d)-d;FALSE;0
Cc4p;set3;(T1+d)-(P1+d);FALSE;0
Cc4p;set3;P1+(T1-(T1-d));FALSE;0
Cc4p;set3;(T1+P1)+(P1+d);FALSE;0
Cc4p;set3;(P1+(T1-P1))-d;FALSE;0
Cc4p;set3;(T1-(P1-d))+d;FALSE;0
Cc4p;set3;(P1-d)-(T1-P1);FALSE;0
Cc4p;set3;P1-(T1-(P1-d));FALSE;0
Cc4p;set3;P1-((T1-d)-P1);FALSE;0
Cc4p;set3;((T1-d)+P1)-P1;FALSE;0
Cc4p;set3;((T1-d)-P1)-d;FALSE;0
Cc4p;set3;((P1+d)+P1)+T1;FALSE;0
Cc4p;set3;(T1+(P1-d))-T1;FALSE;0
Cc4p;set3;T1+(P1-(P1-d));FALSE;0
Cc4p;set3;(T1-d)-(P1-d);FALSE;0
Cc4p;set3;T1+((P1-d)-d);FALSE;0
Cc4p;set3;T1-((P1+d)+d);FALSE;0
Cc4p;set3;((T1+d)+T1)-P1;FALSE;0
Cc4p;set3;(T1+(P1+d))+P1;FALSE;0
Cc4p;set3;(T1+(P1+d))-T1;FALSE;0
Cc4p;set3;T1+(T1-(P1+d));FALSE;0
Cc4p;set3;P1+((T1-P1)-d);FALSE;1
Cc4p;set3;((T1+P1)+T1)+d;FALSE;0
Cc4p;set3;((T1+d)+d)+P1;FALSE;0
Cc4p;set3;P1-((T1-P1)+d);FALSE;0
Cc4p;set3;P1+(T1-(P1-d));FALSE;0
Cc4p;set3;(P1-(T1-P1))-d;FALSE;0
Cc4p;set3;P1-(T1-(P1+d));FALSE;0
Cc4p;set3;((T1+d)-d)+P1;FALSE;0
Cc4p;set3;((T1-d)+P1)-d;FALSE;0
Cc4p;set3;(T1+P1)-(P1+d);FALSE;0
Cc4p;set3;(P1+(T1-P1))+d;FALSE;0
Cc4p;set3;((T1+P1)+P1)-d;FALSE;0
Cc4p;set3;T1+((T1-P1)-d);FALSE;0
Cc4p;set3;(T1+(P1+d))+d;FALSE;0
Cc4p;set3;((T1-d)-d)-P1;FALSE;0
Cc4p;set3;((T1+P1)-P1)-d;FALSE;0
Cc4p;set3;(P1+(P1-d))+T1;FALSE;0
Cc4p;set3;T1-((T1-P1)+d);FALSE;0
Cc4p;set3;T1-(T1-(P1+d));FALSE;0
Cc4p;set3;((T1+P1)+d)+T1;FALSE;0
Cc4p;set3;((T1+P1)-d)+T1;FALSE;0
Cc4p;set3;(T1+(P1-d))+P1;FALSE;0
Cc4p;set3;(T1+(T1-d))-P1;FALSE;0
Cc4p;set3;((T1+d)+P1)-P1;FALSE;0
Cc4p;set3;T1-((P1-d)-d);FALSE;0
Cc4p;set3;P1-((T1+d)-T1);TRUE;0
Cc4p;set3;((T1-d)+P1)+T1;FALSE;0
Cc4p;set3;((T1+P1)-d)+P1;FALSE;0
Cc4p;set3;((T1+P1)+d)-T1;TRUE;0
Cc4p;set3;(T1-d)+(P1-d);FALSE;0
Cc4p;set3;T1-((T1-d)-P1);FALSE;0
Cc4p;set3;((T1-P1)+d)+d;FALSE;0
Cc4p;set3;(T1-(T1-P1))-d;TRUE;0
Cc4p;set3;((T1-P1)-d)+d;FALSE;0
Cc4p;set3;T1-((T1+d)-P1);FALSE;0
Cc4p;set3;(T1+(P1-d))+d;FALSE;0
Cc4p;set3;((T1+P1)-d)-T1;TRUE;0
Cc4p;set3;((T1+P1)-T1)+d;FALSE;0
Cc4p;set3;T1-(T1-(P1-d));FALSE;0
Cc4p;set3;(P1-d)+(T1-P1);FALSE;4
Cc4p;set3;P1-((T1+d)-P1);FALSE;0
Cc4p;set3;T1-(P1-(P1-d));FALSE;0
Cc4p;set3;((T1-d)+d)+P1;FALSE;0
Cc4p;set3;((T1+d)+P1)+T1;FALSE;0
Cc4p;set3;(T1-(P1+d))-d;FALSE;0
Cc4p;set3;((P1+d)+P1)-T1;FALSE;0
Cc4p;set3;((T1+d)-d)-P1;FALSE;0
Cc4p;set3;(T1+d)+(P1+d);FALSE;0
Cc4p;set3;((T1+P1)-d)+d;FALSE;0
Cc4p;set3;(T1-d)-(P1+d);FALSE;1
Cc4p;set3;(T1+d)-(T1-P1);TRUE;0
Cc4p;set3;P1+((T1-d)-P1);FALSE;0
Cc4p;set3;(T1+P1)-(T1-d);FALSE;0
Cc4p;set3;(P1+d)-(T1-P1);FALSE;0
Cc4p;set3;P1-(T1-(T1-d));TRUE;0
Cc4p;set3;((T1+P1)-d)-P1;TRUE;0
Cc4p;set3;T1+((T1-P1)+d);FALSE;0
Cc4p;set3;((T1-d)+P1)-T1;FALSE;0
Cc4p;set3;((T1+d)-P1)-d;FALSE;0
Cc4p;set3;P1+(T1-(P1+d));FALSE;0
Cc4p;set3;((T1+P1)+d)+P1;FALSE;0
Cc4p;set3;((T1+P1)+P1)+d;FALSE;0
Cc4p;set3;(T1+(P1-d))-P1;FALSE;0
Cc4p;set3;(P1+(P1-d))-T1;FALSE;0
Cc4p;set3;(T1+(T1-P1))-d;FALSE;0
Cc4p;set3;((T1-P1)-d)-d;FALSE;0
Cc4p;set3;(T1+d)+(P1-d);FALSE;0
Cc4p;set3;((T1+P1)-T1)-d;FALSE;0
Cc4p;set3;((T1+P1)-P1)+d;FALSE;0
Cc4p;set3;((T1-d)-d)+P1;FALSE;0
Cc4p;set3;((T1+P1)+d)-d;FALSE;0
Cc4p;set3;P1+((T1-P1)+d);FALSE;0
Cc4p;set3;(T1-d)+(P1+d);FALSE;0
Cc4p;set3;(T1+P1)+(T1+d);FALSE;0
Cc4p;set3;(T1+(P1+d))+T1;FALSE;0
Cc4p;set3;T1+(T1-(P1-d));FALSE;0
Cc4p;set3;T1+((T1-d)-P1);FALSE;0
Cc4p;set3;(T1+d)-(P1-d);FALSE;0
Cc4p;set3;((T1+P1)-d)-d;TRUE;0
Cc4p;set3;(P1+d)+(T1-P1);FALSE;0
Cc4p;set3;(T1+(T1-d))+P1;FALSE;0
Cc4p;set3;(T1+(P1-d))-d;FALSE;0
Cc4p;set3;((T1+P1)+d)+d;FALSE;0
Cc4p;set3;((T1+d)+d)-P1;FALSE;0
Cc4p;set3;((T1+d)+P1)-d;FALSE;0
Cc4p;set3;((T1-d)+d)-P1;FALSE;0
Cc4p;set3;T1-((T1-P1)-d);FALSE;0
Cc4p;set3;((T1+d)+P1)+P1;FALSE;0
Cc4p;set3;((T1+d)+P1)-T1;FALSE;0
Cc4p;set3;(T1+(P1+d))-P1;FALSE;0
Cc4p;set3;T1+((P1-d)+d);FALSE;0
Cc4p;set3;((T1-d)+P1)+P1;FALSE;0
Cc4p;set3;(T1+P1)+(P1-d);FALSE;0
Cc4p;set3;((T1+d)-P1)+d;FALSE;0
Cc4p;set3;((T1+d)+T1)+P1;FALSE;0
Cc4p;set3;(T1+(P1-d))+T1;FALSE;0
Cc4p;set3;(T1+(P1+d))-d;FALSE;0
Cc4p;set3;T1-((P1-d)+d);FALSE;0
Cc4p;set3;(T1-(P1-d))-d;FALSE;0
Cc4p;set3;((T1-d)-P1)+d;FALSE;0
Cc4p;set3;P1+((T1+d)-T1);FALSE;0
Cc4p;set3;P1-((T1-P1)-d);FALSE;0
Cc4p;set3;(T1-(T1-P1))+d;FALSE;0
Cc4p;set3;((T1+P1)+d)-P1;FALSE;0
Tc4t;set0;T1+d;TRUE;10
Tc4t;set0;T1+P1;TRUE;4
Tc4t;set0;P1-d;TRUE;14
Tc4t;set0;T1-P1;FALSE;3
Tc4t;set0;P1+d;TRUE;2
Tc4t;set1;T1+(P1+d);TRUE;0
Tc4t;set1;(T1+d)+P1;FALSE;0
Tc4t;set1;(T1+P1)-d;TRUE;14
Tc4t;set1;T1-(P1-d);TRUE;8
Tc4t;set1;(T1+d)-P1;FALSE;0
Tc4t;set1;(T1-P1)-d;TRUE;6
Tc4t;set1;(T1-P1)+d;TRUE;8
Tc4t;set1;(T1-d)+P1;TRUE;2
Tc4t;set1;T1+(P1-d);TRUE;16
Tc4t;set1;(T1+P1)+d;TRUE;7
Tc4t;set1;(T1-d)-P1;FALSE;0
Tc4t;set1;T1-(P1+d);TRUE;1
Tc4t;set2;T1+(T1-d);FALSE;2
Tc4t;set2;d-(P1-d);FALSE;0
Tc4t;set2;P1+(P1-d);TRUE;0
Tc4t;set2;(T1-d)-d;FALSE;0
Tc4t;set2;(T1+d)-d;FALSE;0
Tc4t;set2;T1-(T1-d);FALSE;0
Tc4t;set2;(T1+P1)-P1;FALSE;0
Tc4t;set2;(T1+P1)-T1;FALSE;0
Tc4t;set2;(T1+P1)+T1;FALSE;0
Tc4t;set2;(T1+P1)+P1;FALSE;0
Tc4t;set2;T1-(T1-P1);FALSE;0
Tc4t;set2;(T1-P1)-P1;FALSE;0
Tc4t;set2;(T1-P1)+P1;TRUE;0
Tc4t;set2;(T1+d)+d;FALSE;0
Tc4t;set2;(P1+d)+P1;TRUE;0
Tc4t;set2;(T1+d)-T1;FALSE;0
Tc4t;set2;P1-(P1-d);TRUE;0
Tc4t;set2;(P1+d)-P1;TRUE;0
Tc4t;set2;(T1-d)+d;FALSE;0
Tc4t;set2;(P1+d)+d;FALSE;0
Tc4t;set2;d+(P1-d);TRUE;0
Tc4t;set2;T1+(T1-P1);FALSE;2
Tc4t;set2;(P1+d)-d;FALSE;0
Tc4t;set2;(T1+d)+T1;FALSE;0
Tc4t;set3;(T1+d)+(T1-P1);FALSE;0
Tc4t;set3;((T1-d)+P1)+d;FALSE;0
Tc4t;set3;T1-((P1+d)-d);FALSE;0
Tc4t;set3;T1+((P1+d)-P1);FALSE;0
Tc4t;set3;(T1+P1)-(P1-d);TRUE;0
Tc4t;set3;T1-((P1+d)-P1);FALSE;0
Tc4t;set3;(T1+(T1-P1))+d;FALSE;0
Tc4t;set3;P1-(T1-(P1+d));FALSE;0
Tc4t;set3;(T1-d)+(T1-P1);FALSE;1
Tc4t;set3;T1+((T1+d)-P1);FALSE;0
Tc4t;set3;((T1+P1)+T1)-d;FALSE;0
Tc4t;set3;T1+(P1+(P1-d));FALSE;0
Tc4t;set3;((T1+d)+P1)+d;FALSE;0
Tc4t;set3;T1+((P1+d)+d);FALSE;0
Tc4t;set3;(T1+P1)+(T1-d);FALSE;0
Tc4t;set3;(T1+(T1-d))+P1;FALSE;0
Tc4t;set3;T1+((P1+d)-d);FALSE;0
Tc4t;set3;(T1+P1)-(T1+d);FALSE;0
Tc4t;set3;((T1-P1)+d)-d;FALSE;0
Tc4t;set3;((T1-P1)+P1)-d;TRUE;0
Tc4t;set3;P1+(T1-(T1-d));FALSE;0
Tc4t;set3;(T1+P1)+(P1+d);FALSE;0
Tc4t;set3;((T1+P1)+d)+d;FALSE;0
Tc4t;set3;((T1+P1)-d)+T1;FALSE;0
Tc4t;set3;(T1-(P1-d))+d;FALSE;0
Tc4t;set3;(T1+(P1-d))-T1;FALSE;0
Tc4t;set3;T1-(d+(P1-d));FALSE;0
Tc4t;set3;P1-((T1-d)-P1);FALSE;0
Tc4t;set3;((T1-d)+P1)-P1;FALSE;0
Tc4t;set3;((T1-d)-P1)-d;FALSE;0
Tc4t;set3;((P1+d)+P1)+T1;FALSE;0
Tc4t;set3;T1+(P1-(P1-d));FALSE;0
Tc4t;set3;(T1-d)-(P1-d);FALSE;0
Tc4t;set3;(T1-P1)-(P1-d);FALSE;0
Tc4t;set3;T1-((P1+d)+d);FALSE;0
Tc4t;set3;((T1+d)+T1)-P1;FALSE;0
Tc4t;set3;(T1+(P1+d))+P1;FALSE;0
Tc4t;set3;(T1+(P1+d))-T1;FALSE;0
Tc4t;set3;T1+(T1-(P1+d));FALSE;0
Tc4t;set3;P1+((T1-P1)-d);TRUE;0
Tc4t;set3;((T1-P1)+d)-P1;FALSE;0
Tc4t;set3;((T1+P1)+T1)+d;FALSE;0
Tc4t;set3;((T1+d)+d)+P1;FALSE;0
Tc4t;set3;(T1-(P1+d))+d;FALSE;0
Tc4t;set3;((T1+d)-d)+P1;FALSE;0
Tc4t;set3;((T1-d)+P1)-d;FALSE;0
Tc4t;set3;(T1+P1)-(P1+d);TRUE;0
Tc4t;set3;((T1+P1)+P1)-d;FALSE;0
Tc4t;set3;T1+((T1-P1)-d);TRUE;0
Tc4t;set3;(T1+(P1+d))+d;FALSE;0
Tc4t;set3;((T1-d)-d)-P1;FALSE;0
Tc4t;set3;((T1+P1)-P1)-d;FALSE;0
Tc4t;set3;T1+(d+(P1-d));FALSE;0
Tc4t;set3;T1-((T1-P1)+d);TRUE;0
Tc4t;set3;T1-(T1-(P1+d));FALSE;0
Tc4t;set3;d+((T1-P1)-P1);FALSE;0
Tc4t;set3;((T1+d)+P1)+T1;FALSE;0
Tc4t;set3;(T1+d)+(P1+d);FALSE;0
Tc4t;set3;(T1+(T1-d))-P1;FALSE;0
Tc4t;set3;((T1+d)+P1)-P1;FALSE;0
Tc4t;set3;((T1+d)-P1)+P1;FALSE;0
Tc4t;set3;((T1-d)+P1)+T1;FALSE;0
Tc4t;set3;((T1+P1)-d)+P1;FALSE;0
Tc4t;set3;((T1+P1)+d)-T1;FALSE;0
Tc4t;set3;(T1-d)+(P1-d);TRUE;0
Tc4t;set3;((T1-P1)+d)+d;FALSE;0
Tc4t;set3;(T1-(T1-P1))-d;FALSE;0
Tc4t;set3;(T1-d)-(T1-P1);FALSE;0
Tc4t;set3;((T1-P1)-d)+d;TRUE;0
Tc4t;set3;T1-((T1+d)-P1);FALSE;0
Tc4t;set3;T1-(d-(P1-d));FALSE;0
Tc4t;set3;(T1+(P1-d))+d;FALSE;0
Tc4t;set3;((T1+P1)-d)-T1;FALSE;0
Tc4t;set3;((T1+P1)-T1)+d;FALSE;0
Tc4t;set3;T1-(T1-(P1-d));FALSE;0
Tc4t;set3;T1-(P1-(P1-d));TRUE;0
Tc4t;set3;((T1-d)+d)+P1;FALSE;0
Tc4t;set3;((T1-P1)+d)+P1;TRUE;0
Tc4t;set3;((P1+d)+P1)-T1;FALSE;0
Tc4t;set3;((T1+d)-d)-P1;FALSE;0
Tc4t;set3;(T1+(P1-d))+P1;FALSE;0
Tc4t;set3;(T1-(P1+d))-d;FALSE;0
Tc4t;set3;(T1-d)-(P1+d);FALSE;0
Tc4t;set3;(T1+d)-(T1-P1);FALSE;0
Tc4t;set3;P1+((T1-d)-P1);FALSE;0
Tc4t;set3;(T1+P1)-(T1-d);FALSE;0
Tc4t;set3;(P1+d)-(T1-P1);FALSE;0
Tc4t;set3;P1-(T1-(T1-d));FALSE;0
Tc4t;set3;((T1+P1)-d)-P1;FALSE;0
Tc4t;set3;T1+((T1-P1)+d);FALSE;0
Tc4t;set3;((T1-d)+P1)-T1;FALSE;0
Tc4t;set3;d-((T1-P1)-P1);FALSE;0
Tc4t;set3;P1+(T1-(P1+d));FALSE;0
Tc4t;set3;P1-((T1+d)-T1);FALSE;0
Tc4t;set3;((T1+P1)+P1)+d;FALSE;0
Tc4t;set3;(T1+(P1-d))-P1;FALSE;0
Tc4t;set3;((T1+P1)+d)-P1;FALSE;0
Tc4t;set3;T1-((T1-d)-P1);FALSE;0
Tc4t;set3;(T1+(T1-P1))-d;TRUE;0
Tc4t;set3;((T1-P1)-d)-d;TRUE;0
Tc4t;set3;((T1+P1)-T1)-d;FALSE;0
Tc4t;set3;((T1+P1)-d)+d;FALSE;0
Tc4t;set3;((T1+P1)-P1)+d;FALSE;0
Tc4t;set3;((T1-d)-d)+P1;FALSE;0
Tc4t;set3;(T1-(P1-d))-P1;FALSE;0
Tc4t;set3;((T1+d)-P1)-d;FALSE;0
Tc4t;set3;T1-(P1+(P1-d));FALSE;0
Tc4t;set3;(T1-d)+(P1+d);FALSE;0
Tc4t;set3;(T1+P1)+(T1+d);FALSE;0
Tc4t;set3;(T1+(P1+d))+T1;FALSE;0
Tc4t;set3;((T1-P1)+P1)+d;FALSE;0
Tc4t;set3;T1+(T1-(P1-d));FALSE;0
Tc4t;set3;T1+((T1-d)-P1);FALSE;0
Tc4t;set3;(T1+d)-(P1-d);FALSE;0
Tc4t;set3;((T1+P1)+d)-d;FALSE;0
Tc4t;set3;((T1+P1)-d)-d;FALSE;0
Tc4t;set3;(P1+d)+(T1-P1);TRUE;0
Tc4t;set3;((T1+P1)+d)+T1;FALSE;0
Tc4t;set3;(T1+(P1-d))-d;FALSE;0
Tc4t;set3;((T1+P1)+d)+P1;FALSE;0
Tc4t;set3;((T1+d)+d)-P1;FALSE;0
Tc4t;set3;((T1+d)+P1)-d;FALSE;0
Tc4t;set3;((T1-d)+d)-P1;FALSE;0
Tc4t;set3;T1-((T1-P1)-d);TRUE;0
Tc4t;set3;((T1+d)+P1)+P1;FALSE;0
Tc4t;set3;((T1+d)+P1)-T1;FALSE;0
Tc4t;set3;(T1+(P1+d))-P1;FALSE;0
Tc4t;set3;(T1+d)+(P1-d);FALSE;0
Tc4t;set3;((T1-d)+P1)+P1;FALSE;0
Tc4t;set3;(T1+P1)+(P1-d);FALSE;1
Tc4t;set3;T1+(d-(P1-d));FALSE;0
Tc4t;set3;((T1+d)-P1)+d;FALSE;0
Tc4t;set3;((T1+d)+T1)+P1;FALSE;0
Tc4t;set3;(T1+(P1-d))+T1;FALSE;0
Tc4t;set3;(T1+d)-(P1+d);FALSE;0
Tc4t;set3;(T1-(P1-d))+P1;FALSE;0
Tc4t;set3;(T1+(P1+d))-d;FALSE;0
Tc4t;set3;(T1-(P1-d))-d;FALSE;0
Tc4t;set3;((T1-d)-P1)+d;FALSE;0
Tc4t;set3;P1+((T1+d)-T1);FALSE;0
Tc4t;set3;P1-((T1-P1)-d);FALSE;0
Tc4t;set3;(T1-(T1-P1))+d;FALSE;0
Tc4t;set3;((T1+d)-P1)-P1;FALSE;0
Cc4t;set0;T1+d;TRUE;2
Cc4t;set0;T1+P1;TRUE;0
Cc4t;set0;P1-d;TRUE;42
Cc4t;set0;T1-P1;FALSE;2
Cc4t;set0;P1+d;TRUE;5
Cc4t;set1;T1+(P1+d);TRUE;0
Cc4t;set1;(T1+d)+P1;FALSE;0
Cc4t;set1;(T1+P1)-d;TRUE;3
Cc4t;set1;T1-(P1-d);TRUE;3
Cc4t;set1;(T1+d)-P1;FALSE;0
Cc4t;set1;(T1-P1)-d;FALSE;2
Cc4t;set1;(T1-P1)+d;TRUE;17
Cc4t;set1;(T1-d)+P1;FALSE;0
Cc4t;set1;T1+(P1-d);TRUE;4
Cc4t;set1;(T1+P1)+d;FALSE;0
Cc4t;set1;(T1-d)-P1;FALSE;0
Cc4t;set1;T1-(P1+d);FALSE;0
Cc4t;set2;P1-(T1-P1);FALSE;0
Cc4t;set2;T1+(T1-d);TRUE;0
Cc4t;set2;P1+(P1-d);FALSE;5
Cc4t;set2;(T1-d)-d;FALSE;0
Cc4t;set2;(P1-d)+d;FALSE;0
Cc4t;set2;(T1+d)-d;FALSE;0
Cc4t;set2;T1-(T1-d);FALSE;0
Cc4t;set2;(T1+P1)-P1;FALSE;0
Cc4t;set2;(T1+P1)-T1;FALSE;0
Cc4t;set2;(T1+P1)+T1;FALSE;0
Cc4t;set2;(P1-d)-d;FALSE;0
Cc4t;set2;(T1+P1)+P1;FALSE;0
Cc4t;set2;T1-(T1-P1);FALSE;0
Cc4t;set2;T1+(T1-P1);FALSE;0
Cc4t;set2;P1+(T1-P1);TRUE;0
Cc4t;set2;(T1+d)+d;FALSE;0
Cc4t;set2;(P1+d)+P1;FALSE;0
Cc4t;set2;(T1+d)-T1;FALSE;0
Cc4t;set2;P1-(P1-d);FALSE;0
Cc4t;set2;(P1+d)-P1;FALSE;0
Cc4t;set2;(T1-d)+d;FALSE;0
Cc4t;set2;(P1+d)+d;FALSE;0
Cc4t;set2;(P1+d)-d;FALSE;0
Cc4t;set2;(T1+d)+T1;FALSE;0
Cc4t;set3;(P1-(T1-P1))+d;FALSE;0
Cc4t;set3;(T1+d)+(T1-P1);TRUE;0
Cc4t;set3;((T1-d)+P1)+d;FALSE;0
Cc4t;set3;T1-((P1+d)-d);TRUE;0
Cc4t;set3;T1+((P1+d)-P1);FALSE;0
Cc4t;set3;(T1+P1)-(P1-d);TRUE;0
Cc4t;set3;T1-((P1+d)-P1);FALSE;0
Cc4t;set3;(T1+(T1-P1))+d;FALSE;0
Cc4t;set3;(T1-(P1+d))+d;TRUE;0
Cc4t;set3;(T1-d)+(T1-P1);TRUE;0
Cc4t;set3;T1+((T1+d)-P1);FALSE;0
Cc4t;set3;P1+((T1+d)-P1);FALSE;0
Cc4t;set3;((T1+P1)+T1)-d;FALSE;0
Cc4t;set3;((T1+d)+P1)+d;FALSE;0
Cc4t;set3;T1+((P1+d)+d);FALSE;0
Cc4t;set3;(T1+P1)+(T1-d);FALSE;0
Cc4t;set3;T1+((P1+d)-d);FALSE;0
Cc4t;set3;(T1+P1)-(T1+d);FALSE;0
Cc4t;set3;((T1-P1)+d)-d;FALSE;0
Cc4t;set3;(T1+d)-(P1+d);FALSE;0
Cc4t;set3;P1+(T1-(T1-d));FALSE;0
Cc4t;set3;(T1+P1)+(P1+d);FALSE;0
Cc4t;set3;(P1+(T1-P1))-d;FALSE;0
Cc4t;set3;(T1-(P1-d))+d;FALSE;0
Cc4t;set3;(P1-d)-(T1-P1);FALSE;0
Cc4t;set3;P1-(T1-(P1-d));FALSE;0
Cc4t;set3;P1-((T1-d)-P1);FALSE;0
Cc4t;set3;((T1-d)+P1)-P1;FALSE;0
Cc4t;set3;((T1-d)-P1)-d;FALSE;0
Cc4t;set3;((P1+d)+P1)+T1;FALSE;0
Cc4t;set3;(T1+(P1-d))-T1;FALSE;0
Cc4t;set3;T1+(P1-(P1-d));FALSE;0
Cc4t;set3;(T1-d)-(P1-d);FALSE;0
Cc4t;set3;T1+((P1-d)-d);FALSE;0
Cc4t;set3;T1-((P1+d)+d);FALSE;0
Cc4t;set3;((T1+d)+T1)-P1;FALSE;0
Cc4t;set3;(T1+(P1+d))+P1;FALSE;0
Cc4t;set3;(T1+(P1+d))-T1;FALSE;0
Cc4t;set3;T1+(T1-(P1+d));FALSE;0
Cc4t;set3;P1+((T1-P1)-d);FALSE;0
Cc4t;set3;((T1+P1)+T1)+d;FALSE;0
Cc4t;set3;((T1+d)+d)+P1;FALSE;0
Cc4t;set3;P1-((T1-P1)+d);FALSE;0
Cc4t;set3;P1+(T1-(P1-d));TRUE;0
Cc4t;set3;(P1-(T1-P1))-d;FALSE;0
Cc4t;set3;P1-(T1-(P1+d));FALSE;0
Cc4t;set3;((T1+d)-d)+P1;FALSE;0
Cc4t;set3;((T1-d)+P1)-d;FALSE;0
Cc4t;set3;(T1+P1)-(P1+d);FALSE;0
Cc4t;set3;(P1+(T1-P1))+d;FALSE;0
Cc4t;set3;((T1+P1)+P1)-d;FALSE;0
Cc4t;set3;T1+((T1-P1)-d);FALSE;0
Cc4t;set3;(T1+(P1+d))+d;FALSE;0
Cc4t;set3;((T1-d)-d)-P1;FALSE;0
Cc4t;set3;((T1+P1)-P1)-d;FALSE;0
Cc4t;set3;(P1+(P1-d))+T1;FALSE;0
Cc4t;set3;T1-((T1-P1)+d);FALSE;0
Cc4t;set3;T1-(T1-(P1+d));FALSE;0
Cc4t;set3;((T1+P1)+d)+T1;FALSE;0
Cc4t;set3;((T1+P1)-d)+T1;FALSE;0
Cc4t;set3;(T1+(P1-d))+P1;FALSE;0
Cc4t;set3;(T1+(T1-d))-P1;FALSE;0
Cc4t;set3;((T1+d)+P1)-P1;FALSE;0
Cc4t;set3;T1-((P1-d)-d);FALSE;0
Cc4t;set3;P1-((T1+d)-T1);FALSE;0
Cc4t;set3;((T1-d)+P1)+T1;FALSE;0
Cc4t;set3;((T1+P1)-d)+P1;FALSE;0
Cc4t;set3;((T1+P1)+d)-T1;FALSE;0
Cc4t;set3;(T1-d)+(P1-d);FALSE;1
Cc4t;set3;T1-((T1-d)-P1);FALSE;0
Cc4t;set3;((T1-P1)+d)+d;FALSE;0
Cc4t;set3;(T1-(T1-P1))-d;FALSE;0
Cc4t;set3;(T1-d)-(T1-P1);FALSE;0
Cc4t;set3;((T1-P1)-d)+d;FALSE;0
Cc4t;set3;T1-((T1+d)-P1);FALSE;0
Cc4t;set3;(T1+(P1-d))+d;FALSE;0
Cc4t;set3;((T1+P1)-d)-T1;FALSE;0
Cc4t;set3;((T1+P1)-T1)+d;FALSE;0
Cc4t;set3;T1-(T1-(P1-d));FALSE;0
Cc4t;set3;(P1-d)+(T1-P1);TRUE;0
Cc4t;set3;P1-((T1+d)-P1);FALSE;0
Cc4t;set3;T1-(P1-(P1-d));FALSE;0
Cc4t;set3;((T1-d)+d)+P1;FALSE;0
Cc4t;set3;((T1+d)+P1)+T1;FALSE;0
Cc4t;set3;(T1-(P1+d))-d;FALSE;0
Cc4t;set3;((P1+d)+P1)-T1;FALSE;0
Cc4t;set3;((T1+d)-d)-P1;FALSE;0
Cc4t;set3;(T1+d)+(P1+d);FALSE;0
Cc4t;set3;((T1+P1)-d)+d;FALSE;0
Cc4t;set3;(T1-d)-(P1+d);FALSE;0
Cc4t;set3;(T1+d)-(T1-P1);FALSE;0
Cc4t;set3;P1+((T1-d)-P1);FALSE;0
Cc4t;set3;(T1+P1)-(T1-d);FALSE;0
Cc4t;set3;(P1+d)-(T1-P1);FALSE;0
Cc4t;set3;P1-(T1-(T1-d));FALSE;0
Cc4t;set3;((T1+P1)-d)-P1;FALSE;0
Cc4t;set3;T1+((T1-P1)+d);FALSE;0
Cc4t;set3;((T1-d)+P1)-T1;FALSE;0
Cc4t;set3;((T1+d)-P1)-d;FALSE;0
Cc4t;set3;P1+(T1-(P1+d));TRUE;0
Cc4t;set3;((T1+P1)+d)+P1;FALSE;0
Cc4t;set3;((T1+P1)+P1)+d;FALSE;0
Cc4t;set3;(T1+(P1-d))-P1;FALSE;0
Cc4t;set3;(P1+(P1-d))-T1;FALSE;0
Cc4t;set3;(T1+(T1-P1))-d;TRUE;0
Cc4t;set3;((T1-P1)-d)-d;FALSE;0
Cc4t;set3;(T1+d)+(P1-d);FALSE;0
Cc4t;set3;((T1+P1)-T1)-d;FALSE;0
Cc4t;set3;((T1+P1)-P1)+d;FALSE;0
Cc4t;set3;((T1-d)-d)+P1;FALSE;0
Cc4t;set3;((T1+P1)+d)-d;FALSE;0
Cc4t;set3;P1+((T1-P1)+d);FALSE;0
Cc4t;set3;(T1-d)+(P1+d);FALSE;0
Cc4t;set3;(T1+P1)+(T1+d);FALSE;0
Cc4t;set3;(T1+(P1+d))+T1;FALSE;0
Cc4t;set3;T1+(T1-(P1-d));FALSE;0
Cc4t;set3;T1+((T1-d)-P1);FALSE;0
Cc4t;set3;(T1+d)-(P1-d);FALSE;0
Cc4t;set3;((T1+P1)-d)-d;FALSE;0
Cc4t;set3;(P1+d)+(T1-P1);TRUE;0
Cc4t;set3;(T1+(T1-d))+P1;FALSE;0
Cc4t;set3;(T1+(P1-d))-d;FALSE;0
Cc4t;set3;((T1+P1)+d)+d;FALSE;0
Cc4t;set3;((T1+d)+d)-P1;FALSE;0
Cc4t;set3;((T1+d)+P1)-d;FALSE;0
Cc4t;set3;((T1-d)+d)-P1;FALSE;0
Cc4t;set3;T1-((T1-P1)-d);FALSE;0
Cc4t;set3;((T1+d)+P1)+P1;FALSE;0
Cc4t;set3;((T1+d)+P1)-T1;FALSE;0
Cc4t;set3;(T1+(P1+d))-P1;FALSE;0
Cc4t;set3;T1+((P1-d)+d);FALSE;0
Cc4t;set3;((T1-d)+P1)+P1;FALSE;0
Cc4t;set3;(T1+P1)+(P1-d);FALSE;1
Cc4t;set3;((T1+d)-P1)+d;FALSE;0
Cc4t;set3;((T1+d)+T1)+P1;FALSE;0
Cc4t;set3;(T1+(P1-d))+T1;FALSE;0
Cc4t;set3;(T1+(P1+d))-d;TRUE;0
Cc4t;set3;T1-((P1-d)+d);FALSE;0
Cc4t;set3;(T1-(P1-d))-d;FALSE;0
Cc4t;set3;((T1-d)-P1)+d;FALSE;0
Cc4t;set3;P1+((T1+d)-T1);FALSE;0
Cc4t;set3;P1-((T1-P1)-d);FALSE;0
Cc4t;set3;(T1-(T1-P1))+d;FALSE;0
Cc4t;set3;((T1+P1)+d)-P1;FALSE;0
Tc4p;set0;T1+d;TRUE;3
Tc4p;set0;T1+P1;FALSE;3
Tc4p;set0;T1-P1;TRUE;5
Tc4p;set0;P1+d;TRUE;2
Tc4p;set0;T1-d;TRUE;106
Tc4p;set1;T1+(P1+d);FALSE;0
Tc4p;set1;(T1+d)+P1;FALSE;0
Tc4p;set1;(T1+P1)-d;FALSE;21
Tc4p;set1;T1-(P1-d);TRUE;1
Tc4p;set1;(T1+d)-P1;TRUE;0
Tc4p;set1;(T1-P1)-d;TRUE;16
Tc4p;set1;(T1-P1)+d;TRUE;2
Tc4p;set1;(T1-d)+P1;FALSE;1
Tc4p;set1;T1+(P1-d);FALSE;0
Tc4p;set1;(T1+P1)+d;FALSE;3
Tc4p;set1;(T1-d)-P1;TRUE;15
Tc4p;set1;T1-(P1+d);FALSE;0
Tc4p;set2;T1+(T1-d);FALSE;0
Tc4p;set2;d-(P1-d);FALSE;0
Tc4p;set2;P1+(P1-d);FALSE;0
Tc4p;set2;(T1-d)-d;FALSE;2
Tc4p;set2;(T1+d)-d;FALSE;0
Tc4p;set2;T1-(T1-d);TRUE;1
Tc4p;set2;(T1+P1)-P1;FALSE;0
Tc4p;set2;(T1+P1)-T1;TRUE;0
Tc4p;set2;(T1+P1)+T1;FALSE;0
Tc4p;set2;(T1+P1)+P1;FALSE;0
Tc4p;set2;T1-(T1-P1);TRUE;0
Tc4p;set2;(T1-P1)-P1;TRUE;2
Tc4p;set2;(T1-P1)+P1;FALSE;0
Tc4p;set2;(T1+d)+d;FALSE;0
Tc4p;set2;(P1+d)+P1;FALSE;0
Tc4p;set2;(T1+d)-T1;TRUE;1
Tc4p;set2;P1-(P1-d);TRUE;0
Tc4p;set2;(P1+d)-P1;FALSE;0
Tc4p;set2;(T1-d)+d;FALSE;0
Tc4p;set2;(P1+d)+d;FALSE;0
Tc4p;set2;d+(P1-d);FALSE;0
Tc4p;set2;T1+(T1-P1);FALSE;0
Tc4p;set2;(P1+d)-d;FALSE;0
Tc4p;set2;(T1+d)+T1;FALSE;0
Tc4p;set3;(T1+d)+(T1-P1);FALSE;0
Tc4p;set3;((T1-d)+P1)+d;FALSE;0
Tc4p;set3;T1-((P1+d)-d);FALSE;0
Tc4p;set3;T1+((P1+d)-P1);FALSE;0
Tc4p;set3;(T1+P1)-(P1-d);FALSE;0
Tc4p;set3;T1-((P1+d)-P1);FALSE;0
Tc4p;set3;(T1+(T1-P1))+d;FALSE;0
Tc4p;set3;P1-(T1-(P1+d));FALSE;0
Tc4p;set3;(T1-d)+(T1-P1);FALSE;0
Tc4p;set3;T1+((T1+d)-P1);FALSE;0
Tc4p;set3;((T1+P1)+T1)-d;FALSE;0
Tc4p;set3;T1+(P1+(P1-d));FALSE;0
Tc4p;set3;((T1+d)+P1)+d;FALSE;0
Tc4p;set3;T1+((P1+d)+d);FALSE;0
Tc4p;set3;(T1+P1)+(T1-d);FALSE;0
Tc4p;set3;(T1+(T1-d))+P1;FALSE;0
Tc4p;set3;T1+((P1+d)-d);FALSE;0
Tc4p;set3;(T1+P1)-(T1+d);FALSE;0
Tc4p;set3;((T1-P1)+d)-d;FALSE;0
Tc4p;set3;((T1-P1)+P1)-d;FALSE;0
Tc4p;set3;P1+(T1-(T1-d));FALSE;0
Tc4p;set3;(T1+P1)+(P1+d);FALSE;0
Tc4p;set3;((T1+P1)+d)+d;FALSE;0
Tc4p;set3;((T1+P1)-d)+T1;FALSE;0
Tc4p;set3;(T1-(P1-d))+d;FALSE;0
Tc4p;set3;(T1+(P1-d))-T1;FALSE;0
Tc4p;set3;T1-(d+(P1-d));FALSE;0
Tc4p;set3;P1-((T1-d)-P1);FALSE;0
Tc4p;set3;((T1-d)+P1)-P1;FALSE;0
Tc4p;set3;((T1-d)-P1)-d;FALSE;0
Tc4p;set3;((P1+d)+P1)+T1;FALSE;0
Tc4p;set3;T1+(P1-(P1-d));FALSE;0
Tc4p;set3;(T1-d)-(P1-d);TRUE;0
Tc4p;set3;(T1-P1)-(P1-d);TRUE;0
Tc4p;set3;T1-((P1+d)+d);FALSE;0
Tc4p;set3;((T1+d)+T1)-P1;FALSE;0
Tc4p;set3;(T1+(P1+d))+P1;FALSE;0
Tc4p;set3;(T1+(P1+d))-T1;FALSE;0
Tc4p;set3;T1+(T1-(P1+d));FALSE;0
Tc4p;set3;P1+((T1-P1)-d);FALSE;1
Tc4p;set3;((T1-P1)+d)-P1;FALSE;0
Tc4p;set3;((T1+P1)+T1)+d;FALSE;0
Tc4p;set3;((T1+d)+d)+P1;FALSE;0
Tc4p;set3;(T1-(P1+d))+d;FALSE;0
Tc4p;set3;(T1-P1)+(P1-d);FALSE;1
Tc4p;set3;((T1+d)-d)+P1;FALSE;0
Tc4p;set3;((T1-d)+P1)-d;FALSE;0
Tc4p;set3;(T1+P1)-(P1+d);FALSE;0
Tc4p;set3;((T1+P1)+P1)-d;FALSE;0
Tc4p;set3;T1+((T1-P1)-d);FALSE;0
Tc4p;set3;(T1+(P1+d))+d;FALSE;0
Tc4p;set3;((T1-d)-d)-P1;FALSE;0
Tc4p;set3;((T1+P1)-P1)-d;TRUE;0
Tc4p;set3;T1+(d+(P1-d));FALSE;0
Tc4p;set3;T1-((T1-P1)+d);FALSE;0
Tc4p;set3;T1-(T1-(P1+d));FALSE;0
Tc4p;set3;d+((T1-P1)-P1);FALSE;0
Tc4p;set3;((T1+d)+P1)+T1;FALSE;0
Tc4p;set3;(T1+d)+(P1+d);FALSE;0
Tc4p;set3;(T1+(T1-d))-P1;FALSE;0
Tc4p;set3;((T1+d)+P1)-P1;FALSE;0
Tc4p;set3;((T1+d)-P1)+P1;FALSE;0
Tc4p;set3;((T1-d)+P1)+T1;FALSE;0
Tc4p;set3;((T1+P1)-d)+P1;FALSE;0
Tc4p;set3;((T1+P1)+d)-T1;TRUE;0
Tc4p;set3;(T1-d)+(P1-d);FALSE;0
Tc4p;set3;((T1-P1)+d)+d;FALSE;0
Tc4p;set3;(T1-(T1-P1))-d;FALSE;0
Tc4p;set3;((T1-P1)-d)+d;FALSE;0
Tc4p;set3;T1-((T1+d)-P1);FALSE;0
Tc4p;set3;T1-(d-(P1-d));FALSE;0
Tc4p;set3;(T1+(P1-d))+d;FALSE;0
Tc4p;set3;((T1+P1)-d)-T1;TRUE;0
Tc4p;set3;((T1+P1)-T1)+d;FALSE;0
Tc4p;set3;T1-(T1-(P1-d));FALSE;0
Tc4p;set3;T1-(P1-(P1-d));FALSE;0
Tc4p;set3;((T1-d)+d)+P1;FALSE;0
Tc4p;set3;((T1-P1)+d)+P1;FALSE;0
Tc4p;set3;((P1+d)+P1)-T1;FALSE;0
Tc4p;set3;((T1+d)-d)-P1;FALSE;0
Tc4p;set3;(T1+(P1-d))+P1;FALSE;0
Tc4p;set3;(T1-(P1+d))-d;FALSE;0
Tc4p;set3;(T1-d)-(P1+d);FALSE;0
Tc4p;set3;(T1+d)-(T1-P1);TRUE;0
Tc4p;set3;P1+((T1-d)-P1);FALSE;0
Tc4p;set3;(T1+P1)-(T1-d);TRUE;1
Tc4p;set3;(P1+d)-(T1-P1);TRUE;0
Tc4p;set3;P1-(T1-(T1-d));TRUE;0
Tc4p;set3;((T1+P1)-d)-P1;TRUE;0
Tc4p;set3;T1+((T1-P1)+d);FALSE;0
Tc4p;set3;((T1-d)+P1)-T1;FALSE;0
Tc4p;set3;d-((T1-P1)-P1);TRUE;0
Tc4p;set3;P1+(T1-(P1+d));FALSE;0
Tc4p;set3;P1-((T1+d)-T1);FALSE;0
Tc4p;set3;((T1+P1)+P1)+d;FALSE;0
Tc4p;set3;(T1+(P1-d))-P1;FALSE;0
Tc4p;set3;((T1+P1)+d)-P1;FALSE;0
Tc4p;set3;T1-((T1-d)-P1);FALSE;0
Tc4p;set3;(T1+(T1-P1))-d;FALSE;0
Tc4p;set3;((T1-P1)-d)-d;TRUE;0
Tc4p;set3;((T1+P1)-T1)-d;FALSE;0
Tc4p;set3;((T1+P1)-d)+d;FALSE;0
Tc4p;set3;((T1+P1)-P1)+d;FALSE;0
Tc4p;set3;((T1-d)-d)+P1;FALSE;0
Tc4p;set3;(T1-(P1-d))-P1;FALSE;0
Tc4p;set3;((T1+d)-P1)-d;FALSE;0
Tc4p;set3;T1-(P1+(P1-d));FALSE;0
Tc4p;set3;(T1-d)+(P1+d);FALSE;0
Tc4p;set3;(T1+P1)+(T1+d);FALSE;0
Tc4p;set3;(T1+(P1+d))+T1;FALSE;0
Tc4p;set3;((T1-P1)+P1)+d;FALSE;0
Tc4p;set3;T1+(T1-(P1-d));FALSE;0
Tc4p;set3;T1+((T1-d)-P1);FALSE;0
Tc4p;set3;(T1+d)-(P1-d);FALSE;0
Tc4p;set3;((T1+P1)+d)-d;FALSE;0
Tc4p;set3;((T1+P1)-d)-d;FALSE;0
Tc4p;set3;(P1+d)+(T1-P1);FALSE;0
Tc4p;set3;((T1+P1)+d)+T1;FALSE;0
Tc4p;set3;(T1+(P1-d))-d;FALSE;0
Tc4p;set3;((T1+P1)+d)+P1;FALSE;0
Tc4p;set3;((T1+d)+d)-P1;FALSE;0
Tc4p;set3;((T1+d)+P1)-d;FALSE;0
Tc4p;set3;((T1-d)+d)-P1;FALSE;0
Tc4p;set3;T1-((T1-P1)-d);TRUE;0
Tc4p;set3;((T1+d)+P1)+P1;FALSE;0
Tc4p;set3;((T1+d)+P1)-T1;FALSE;0
Tc4p;set3;(T1+(P1+d))-P1;FALSE;0
Tc4p;set3;(T1+d)+(P1-d);FALSE;0
Tc4p;set3;((T1-d)+P1)+P1;FALSE;0
Tc4p;set3;(T1+P1)+(P1-d);FALSE;0
Tc4p;set3;T1+(d-(P1-d));FALSE;0
Tc4p;set3;((T1+d)-P1)+d;FALSE;0
Tc4p;set3;((T1+d)+T1)+P1;FALSE;0
Tc4p;set3;(T1+(P1-d))+T1;FALSE;0
Tc4p;set3;(T1+d)-(P1+d);FALSE;0
Tc4p;set3;(T1-(P1-d))+P1;FALSE;0
Tc4p;set3;(T1+(P1+d))-d;FALSE;0
Tc4p;set3;(T1-(P1-d))-d;FALSE;0
Tc4p;set3;((T1-d)-P1)+d;FALSE;0
Tc4p;set3;P1+((T1+d)-T1);FALSE;0
Tc4p;set3;P1-((T1-P1)-d);TRUE;0
Tc4p;set3;(T1-(T1-P1))+d;FALSE;0
Tc4p;set3;((T1+d)-P1)-P1;FALSE;0
Cc2p;set0;T1+d;TRUE;0
Cc2p;set0;T1+P1;FALSE;1
Cc2p;set0;T1-P1;FALSE;11
Cc2p;set0;P1+d;FALSE;1
Cc2p;set0;T1-d;TRUE;55
Cc2p;set1;T1+(P1+d);FALSE;0
Cc2p;set1;(T1+d)+P1;FALSE;0
Cc2p;set1;(T1+P1)-d;FALSE;4
Cc2p;set1;T1-(P1-d);FALSE;0
Cc2p;set1;(T1+d)-P1;FALSE;0
Cc2p;set1;(T1-P1)-d;TRUE;20
Cc2p;set1;(T1-P1)+d;FALSE;1
Cc2p;set1;(T1-d)+P1;FALSE;0
Cc2p;set1;T1+(P1-d);FALSE;0
Cc2p;set1;(T1+P1)+d;FALSE;1
Cc2p;set1;(T1-d)-P1;TRUE;12
Cc2p;set1;T1-(P1+d);FALSE;0
Cc2p;set2;T1+(T1-d);FALSE;0
Cc2p;set2;P1+(P1-d);FALSE;0
Cc2p;set2;(T1-d)-d;TRUE;2
Cc2p;set2;(P1-d)+d;FALSE;0
Cc2p;set2;(T1+d)-d;TRUE;0
Cc2p;set2;T1-(T1-d);TRUE;0
Cc2p;set2;(T1+P1)-P1;FALSE;0
Cc2p;set2;(T1+P1)-T1;FALSE;0
Cc2p;set2;(T1+P1)+T1;FALSE;0
Cc2p;set2;(P1-d)-d;FALSE;0
Cc2p;set2;(T1+P1)+P1;FALSE;0
Cc2p;set2;T1-(T1-P1);FALSE;2
Cc2p;set2;(T1-P1)-P1;FALSE;0
Cc2p;set2;(T1-P1)+P1;FALSE;0
Cc2p;set2;(T1+d)+d;FALSE;0
Cc2p;set2;(P1+d)+P1;FALSE;0
Cc2p;set2;(T1+d)-T1;TRUE;0
Cc2p;set2;P1-(P1-d);FALSE;0
Cc2p;set2;(P1+d)-P1;FALSE;0
Cc2p;set2;(T1-d)+d;FALSE;0
Cc2p;set2;(P1+d)+d;FALSE;0
Cc2p;set2;T1+(T1-P1);FALSE;0
Cc2p;set2;(P1+d)-d;FALSE;0
Cc2p;set2;(T1+d)+T1;FALSE;0
Cc2p;set3;(T1+d)+(T1-P1);FALSE;0
Cc2p;set3;((T1-d)+P1)+d;FALSE;0
Cc2p;set3;T1-((P1+d)-d);FALSE;0
Cc2p;set3;T1+((P1+d)-P1);FALSE;0
Cc2p;set3;(T1+P1)-(P1-d);FALSE;0
Cc2p;set3;T1-((P1+d)-P1);FALSE;0
Cc2p;set3;(T1+(T1-P1))+d;FALSE;0
Cc2p;set3;((T1+P1)-d)-d;TRUE;0
Cc2p;set3;(T1-d)+(T1-P1);FALSE;1
Cc2p;set3;T1+((T1+d)-P1);FALSE;0
Cc2p;set3;((T1-d)-P1)+P1;FALSE;0
Cc2p;set3;((T1+P1)+T1)-d;FALSE;0
Cc2p;set3;T1+(P1+(P1-d));FALSE;0
Cc2p;set3;((T1+d)+P1)+d;FALSE;0
Cc2p;set3;T1+((P1+d)+d);FALSE;0
Cc2p;set3;T1-((P1+d)+P1);FALSE;0
Cc2p;set3;(T1+P1)+(T1-d);FALSE;0
Cc2p;set3;T1+((P1+d)-d);FALSE;0
Cc2p;set3;(T1+P1)-(T1+d);FALSE;0
Cc2p;set3;((T1-P1)+d)-d;FALSE;0
Cc2p;set3;(T1-(P1+d))+P1;FALSE;0
Cc2p;set3;((T1-P1)+P1)-d;FALSE;0
Cc2p;set3;P1+(T1-(T1-d));FALSE;0
Cc2p;set3;(T1+P1)+(P1+d);FALSE;0
Cc2p;set3;((T1+P1)+d)+d;FALSE;0
Cc2p;set3;(T1-(P1-d))+d;FALSE;0
Cc2p;set3;(T1+(P1-d))-T1;FALSE;0
Cc2p;set3;T1+((P1+d)+P1);FALSE;0
Cc2p;set3;((T1+d)+d)-P1;FALSE;0
Cc2p;set3;((T1-d)+P1)-P1;FALSE;0
Cc2p;set3;((T1-d)-P1)-d;FALSE;0
Cc2p;set3;T1+(P1-(P1-d));FALSE;0
Cc2p;set3;(T1-d)-(P1-d);FALSE;0
Cc2p;set3;T1+((P1-d)-d);FALSE;0
Cc2p;set3;(T1-P1)-(P1-d);FALSE;0
Cc2p;set3;((T1-P1)-d)-P1;FALSE;0
Cc2p;set3;T1-((P1+d)+d);FALSE;0
Cc2p;set3;((T1+d)+T1)-P1;FALSE;0
Cc2p;set3;((T1+P1)-T1)+d;FALSE;0
Cc2p;set3;(T1+(P1+d))+P1;FALSE;0
Cc2p;set3;(T1+(P1+d))-T1;FALSE;0
Cc2p;set3;T1+(T1-(P1+d));FALSE;0
Cc2p;set3;((T1-P1)+d)-P1;FALSE;0
Cc2p;set3;((T1+P1)+T1)+d;FALSE;0
Cc2p;set3;((T1+d)+d)+P1;FALSE;0
Cc2p;set3;(T1-(P1+d))+d;FALSE;0
Cc2p;set3;(T1-P1)+(P1-d);FALSE;7
Cc2p;set3;((T1+d)-d)+P1;FALSE;0
Cc2p;set3;((T1-d)+P1)-d;FALSE;0
Cc2p;set3;(T1+P1)-(P1+d);FALSE;0
Cc2p;set3;((T1+P1)+P1)-d;FALSE;0
Cc2p;set3;T1+((T1-P1)-d);FALSE;0
Cc2p;set3;(T1+(P1+d))+d;FALSE;0
Cc2p;set3;((T1-d)-d)-P1;FALSE;0
Cc2p;set3;((T1+P1)-P1)-d;FALSE;0
Cc2p;set3;(T1-(P1+d))-P1;FALSE;0
Cc2p;set3;T1-((T1-P1)+d);FALSE;0
Cc2p;set3;T1-(T1-(P1+d));FALSE;0
Cc2p;set3;((T1+P1)+d)+T1;FALSE;0
Cc2p;set3;((T1+P1)-d)+T1;FALSE;0
Cc2p;set3;(T1+(P1-d))+P1;FALSE;0
Cc2p;set3;(T1+(T1-d))-P1;FALSE;0
Cc2p;set3;((T1+d)+P1)-P1;FALSE;0
Cc2p;set3;T1-((P1-d)-d);FALSE;0
Cc2p;set3;((T1+d)-P1)+P1;FALSE;0
Cc2p;set3;((T1-d)+P1)+T1;FALSE;0
Cc2p;set3;((T1+P1)-d)+P1;FALSE;0
Cc2p;set3;((T1+P1)+d)-T1;TRUE;0
Cc2p;set3;(T1-d)+(P1-d);FALSE;0
Cc2p;set3;((T1-P1)+d)+d;FALSE;0
Cc2p;set3;(T1-(T1-P1))-d;TRUE;0
Cc2p;set3;((T1-P1)-d)+d;FALSE;0
Cc2p;set3;T1-((T1+d)-P1);FALSE;0
Cc2p;set3;(T1+(P1-d))+d;FALSE;0
Cc2p;set3;((T1+P1)-d)-T1;TRUE;0
Cc2p;set3;(T1-P1)+(P1+d);FALSE;0
Cc2p;set3;T1-(T1-(P1-d));FALSE;0
Cc2p;set3;((T1-P1)-P1)-d;FALSE;0
Cc2p;set3;T1-(P1-(P1-d));FALSE;0
Cc2p;set3;((T1-d)+d)+P1;FALSE;0
Cc2p;set3;((T1+d)+P1)+T1;FALSE;0
Cc2p;set3;(T1-(P1+d))-d;FALSE;0
Cc2p;set3;((T1-d)-P1)-P1;FALSE;0
Cc2p;set3;((T1+d)-d)-P1;FALSE;0
Cc2p;set3;(T1+d)+(P1+d);FALSE;0
Cc2p;set3;((T1-P1)+d)+P1;FALSE;0
Cc2p;set3;(T1-d)-(P1+d);FALSE;1
Cc2p;set3;(T1+d)-(T1-P1);TRUE;0
Cc2p;set3;(T1+P1)-(T1-d);FALSE;0
Cc2p;set3;(T1+P1)+(P1-d);FALSE;0
Cc2p;set3;P1-(T1-(T1-d));TRUE;0
Cc2p;set3;((T1+P1)-d)-P1;TRUE;0
Cc2p;set3;T1+((T1-P1)+d);FALSE;0
Cc2p;set3;((T1-d)+P1)-T1;FALSE;0
Cc2p;set3;((T1+d)-P1)-d;FALSE;0
Cc2p;set3;P1-((T1+d)-T1);TRUE;0
Cc2p;set3;((T1+P1)+P1)+d;FALSE;0
Cc2p;set3;(T1+(P1-d))-P1;FALSE;0
Cc2p;set3;((T1+P1)+d)-P1;FALSE;0
Cc2p;set3;T1-((T1-d)-P1);FALSE;0
Cc2p;set3;(T1+(T1-P1))-d;FALSE;0
Cc2p;set3;((T1-P1)-d)-d;FALSE;0
Cc2p;set3;(T1+d)+(P1-d);FALSE;0
Cc2p;set3;((T1+P1)-T1)-d;FALSE;0
Cc2p;set3;((T1+P1)-d)+d;FALSE;0
Cc2p;set3;((T1+P1)-P1)+d;FALSE;0
Cc2p;set3;((T1-d)-d)+P1;FALSE;0
Cc2p;set3;(T1-(P1-d))-P1;FALSE;0
Cc2p;set3;((T1+P1)+d)-d;FALSE;0
Cc2p;set3;T1-(P1+(P1-d));FALSE;0
Cc2p;set3;(T1-d)+(P1+d);FALSE;0
Cc2p;set3;(T1+P1)+(T1+d);FALSE;0
Cc2p;set3;(T1+(P1+d))+T1;FALSE;0
Cc2p;set3;((T1-P1)+P1)+d;FALSE;0
Cc2p;set3;T1+(T1-(P1-d));FALSE;0
Cc2p;set3;T1+((T1-d)-P1);FALSE;0
Cc2p;set3;(T1-P1)-(P1+d);FALSE;0
Cc2p;set3;(T1+d)-(P1-d);FALSE;0
Cc2p;set3;((T1+d)+P1)-d;FALSE;0
Cc2p;set3;(T1+(T1-d))+P1;FALSE;0
Cc2p;set3;(T1+(P1-d))-d;FALSE;0
Cc2p;set3;((T1+P1)+d)+P1;FALSE;0
Cc2p;set3;((T1-P1)-P1)+d;FALSE;0
Cc2p;set3;((T1-d)+d)-P1;FALSE;0
Cc2p;set3;T1-((T1-P1)-d);FALSE;0
Cc2p;set3;((T1+d)+P1)+P1;FALSE;0
Cc2p;set3;((T1-P1)-d)+P1;FALSE;0
Cc2p;set3;((T1+d)+P1)-T1;FALSE;0
Cc2p;set3;(T1+(P1+d))-P1;FALSE;0
Cc2p;set3;T1+((P1-d)+d);FALSE;0
Cc2p;set3;((T1-d)+P1)+P1;FALSE;0
Cc2p;set3;((T1+d)-P1)+d;FALSE;0
Cc2p;set3;((T1+d)+T1)+P1;FALSE;0
Cc2p;set3;(T1+(P1-d))+T1;FALSE;0
Cc2p;set3;(T1+d)-(P1+d);FALSE;0
Cc2p;set3;(T1-(P1-d))+P1;FALSE;0
Cc2p;set3;(T1+(P1+d))-d;FALSE;0
Cc2p;set3;T1-((P1-d)+d);FALSE;0
Cc2p;set3;(T1-(P1-d))-d;FALSE;0
Cc2p;set3;((T1-d)-P1)+d;FALSE;0
Cc2p;set3;P1+((T1+d)-T1);FALSE;0
Cc2p;set3;(T1-(T1-P1))+d;FALSE;0
Cc2p;set3;((T1+d)-P1)-P1;FALSE;0
Tc2p;set0;T1+d;TRUE;1
Tc2p;set0;T1+P1;FALSE;0
Tc2p;set0;T1-P1;TRUE;5
Tc2p;set0;P1+d;TRUE;0
Tc2p;set0;T1-d;TRUE;119
Tc2p;set1;T1+(P1+d);FALSE;0
Tc2p;set1;(T1+d)+P1;FALSE;0
Tc2p;set1;(T1+P1)-d;FALSE;8
Tc2p;set1;T1-(P1-d);TRUE;0
Tc2p;set1;(T1+d)-P1;TRUE;0
Tc2p;set1;(T1-P1)-d;TRUE;15
Tc2p;set1;(T1-P1)+d;TRUE;4
Tc2p;set1;(T1-d)+P1;FALSE;1
Tc2p;set1;T1+(P1-d);FALSE;0
Tc2p;set1;(T1+P1)+d;FALSE;0
Tc2p;set1;(T1-d)-P1;TRUE;4
Tc2p;set1;T1-(P1+d);FALSE;1
Tc2p;set2;T1+(T1-d);FALSE;0
Tc2p;set2;P1+(P1-d);FALSE;0
Tc2p;set2;(T1-d)-d;FALSE;0
Tc2p;set2;(P1-d)+d;FALSE;0
Tc2p;set2;(T1+d)-d;FALSE;0
Tc2p;set2;T1-(T1-d);TRUE;0
Tc2p;set2;(T1+P1)-P1;FALSE;0
Tc2p;set2;(T1+P1)-T1;TRUE;0
Tc2p;set2;(T1+P1)+T1;FALSE;0
Tc2p;set2;(P1-d)-d;FALSE;0
Tc2p;set2;(T1+P1)+P1;FALSE;0
Tc2p;set2;T1-(T1-P1);TRUE;2
Tc2p;set2;(T1-P1)-P1;TRUE;0
Tc2p;set2;(T1-P1)+P1;FALSE;0
Tc2p;set2;(T1+d)+d;FALSE;0
Tc2p;set2;(P1+d)+P1;FALSE;0
Tc2p;set2;(T1+d)-T1;TRUE;0
Tc2p;set2;P1-(P1-d);TRUE;0
Tc2p;set2;(P1+d)-P1;FALSE;0
Tc2p;set2;(T1-d)+d;FALSE;0
Tc2p;set2;(P1+d)+d;FALSE;0
Tc2p;set2;T1+(T1-P1);FALSE;0
Tc2p;set2;(P1+d)-d;FALSE;0
Tc2p;set2;(T1+d)+T1;FALSE;0
Tc2p;set3;(T1+d)+(T1-P1);FALSE;0
Tc2p;set3;((T1-d)+P1)+d;FALSE;0
Tc2p;set3;T1-((P1+d)-d);FALSE;0
Tc2p;set3;T1+((P1+d)-P1);FALSE;0
Tc2p;set3;(T1+P1)-(P1-d);FALSE;0
Tc2p;set3;T1-((P1+d)-P1);FALSE;0
Tc2p;set3;(T1+(T1-P1))+d;FALSE;0
Tc2p;set3;((T1+P1)-d)-d;FALSE;0
Tc2p;set3;(T1-d)+(T1-P1);FALSE;0
Tc2p;set3;T1+((T1+d)-P1);FALSE;0
Tc2p;set3;((T1-d)-P1)+P1;FALSE;0
Tc2p;set3;((T1+P1)+T1)-d;FALSE;0
Tc2p;set3;T1+(P1+(P1-d));FALSE;0
Tc2p;set3;((T1+d)+P1)+d;FALSE;0
Tc2p;set3;T1+((P1+d)+d);FALSE;0
Tc2p;set3;T1-((P1+d)+P1);FALSE;0
Tc2p;set3;(T1+P1)+(T1-d);FALSE;0
Tc2p;set3;T1+((P1+d)-d);FALSE;0
Tc2p;set3;(T1+P1)-(T1+d);FALSE;0
Tc2p;set3;((T1-P1)+d)-d;FALSE;0
Tc2p;set3;(T1-(P1+d))+P1;FALSE;0
Tc2p;set3;((T1-P1)+P1)-d;FALSE;0
Tc2p;set3;P1+(T1-(T1-d));FALSE;0
Tc2p;set3;(T1+P1)+(P1+d);FALSE;0
Tc2p;set3;((T1+P1)+d)+d;FALSE;0
Tc2p;set3;(T1-(P1-d))+d;FALSE;0
Tc2p;set3;(T1+(P1-d))-T1;FALSE;0
Tc2p;set3;T1+((P1+d)+P1);FALSE;0
Tc2p;set3;((T1+d)+d)-P1;FALSE;0
Tc2p;set3;((T1-d)+P1)-P1;FALSE;0
Tc2p;set3;((T1-d)-P1)-d;FALSE;0
Tc2p;set3;T1+(P1-(P1-d));FALSE;0
Tc2p;set3;(T1-d)-(P1-d);TRUE;0
Tc2p;set3;T1+((P1-d)-d);FALSE;0
Tc2p;set3;(T1-P1)-(P1-d);TRUE;0
Tc2p;set3;((T1-P1)-d)-P1;TRUE;0
Tc2p;set3;T1-((P1+d)+d);FALSE;0
Tc2p;set3;((T1+d)+T1)-P1;FALSE;0
Tc2p;set3;((T1+P1)-T1)+d;FALSE;0
Tc2p;set3;(T1+(P1+d))+P1;FALSE;0
Tc2p;set3;(T1+(P1+d))-T1;FALSE;0
Tc2p;set3;T1+(T1-(P1+d));FALSE;0
Tc2p;set3;((T1-P1)+d)-P1;FALSE;0
Tc2p;set3;((T1+P1)+T1)+d;FALSE;0
Tc2p;set3;((T1+d)+d)+P1;FALSE;0
Tc2p;set3;(T1-(P1+d))+d;FALSE;0
Tc2p;set3;(T1-P1)+(P1-d);FALSE;5
Tc2p;set3;((T1+d)-d)+P1;FALSE;0
Tc2p;set3;((T1-d)+P1)-d;FALSE;0
Tc2p;set3;(T1+P1)-(P1+d);FALSE;0
Tc2p;set3;((T1+P1)+P1)-d;FALSE;0
Tc2p;set3;T1+((T1-P1)-d);FALSE;0
Tc2p;set3;(T1+(P1+d))+d;FALSE;0
Tc2p;set3;((T1-d)-d)-P1;FALSE;0
Tc2p;set3;((T1+P1)-P1)-d;TRUE;0
Tc2p;set3;(T1-(P1+d))-P1;FALSE;0
Tc2p;set3;T1-((T1-P1)+d);FALSE;0
Tc2p;set3;T1-(T1-(P1+d));FALSE;0
Tc2p;set3;((T1+P1)+d)+T1;FALSE;0
Tc2p;set3;((T1+P1)-d)+T1;FALSE;0
Tc2p;set3;(T1+(P1-d))+P1;FALSE;0
Tc2p;set3;(T1+(T1-d))-P1;FALSE;0
Tc2p;set3;((T1+d)+P1)-P1;FALSE;0
Tc2p;set3;T1-((P1-d)-d);FALSE;0
Tc2p;set3;((T1+d)-P1)+P1;FALSE;0
Tc2p;set3;((T1-d)+P1)+T1;FALSE;0
Tc2p;set3;((T1+P1)-d)+P1;FALSE;0
Tc2p;set3;((T1+P1)+d)-T1;TRUE;0
Tc2p;set3;(T1-d)+(P1-d);FALSE;0
Tc2p;set3;((T1-P1)+d)+d;FALSE;0
Tc2p;set3;(T1-(T1-P1))-d;FALSE;0
Tc2p;set3;((T1-P1)-d)+d;FALSE;0
Tc2p;set3;T1-((T1+d)-P1);FALSE;0
Tc2p;set3;(T1+(P1-d))+d;FALSE;0
Tc2p;set3;((T1+P1)-d)-T1;TRUE;0
Tc2p;set3;(T1-P1)+(P1+d);FALSE;0
Tc2p;set3;T1-(T1-(P1-d));FALSE;0
Tc2p;set3;((T1-P1)-P1)-d;TRUE;0
Tc2p;set3;T1-(P1-(P1-d));FALSE;0
Tc2p;set3;((T1-d)+d)+P1;FALSE;0
Tc2p;set3;((T1+d)+P1)+T1;FALSE;0
Tc2p;set3;(T1-(P1+d))-d;FALSE;0
Tc2p;set3;((T1-d)-P1)-P1;FALSE;0
Tc2p;set3;((T1+d)-d)-P1;FALSE;0
Tc2p;set3;(T1+d)+(P1+d);FALSE;0
Tc2p;set3;((T1-P1)+d)+P1;FALSE;0
Tc2p;set3;(T1-d)-(P1+d);FALSE;0
Tc2p;set3;(T1+d)-(T1-P1);TRUE;0
Tc2p;set3;(T1+P1)-(T1-d);TRUE;0
Tc2p;set3;(T1+P1)+(P1-d);FALSE;0
Tc2p;set3;P1-(T1-(T1-d));TRUE;0
Tc2p;set3;((T1+P1)-d)-P1;TRUE;1
Tc2p;set3;T1+((T1-P1)+d);FALSE;0
Tc2p;set3;((T1-d)+P1)-T1;FALSE;0
Tc2p;set3;((T1+d)-P1)-d;FALSE;0
Tc2p;set3;P1-((T1+d)-T1);FALSE;0
Tc2p;set3;((T1+P1)+P1)+d;FALSE;0
Tc2p;set3;(T1+(P1-d))-P1;FALSE;0
Tc2p;set3;((T1+P1)+d)-P1;FALSE;0
Tc2p;set3;T1-((T1-d)-P1);FALSE;0
Tc2p;set3;(T1+(T1-P1))-d;FALSE;0
Tc2p;set3;((T1-P1)-d)-d;TRUE;0
Tc2p;set3;(T1+d)+(P1-d);FALSE;0
Tc2p;set3;((T1+P1)-T1)-d;FALSE;0
Tc2p;set3;((T1+P1)-d)+d;FALSE;0
Tc2p;set3;((T1+P1)-P1)+d;FALSE;0
Tc2p;set3;((T1-d)-d)+P1;FALSE;0
Tc2p;set3;(T1-(P1-d))-P1;FALSE;0
Tc2p;set3;((T1+P1)+d)-d;FALSE;1
Tc2p;set3;T1-(P1+(P1-d));FALSE;0
Tc2p;set3;(T1-d)+(P1+d);FALSE;0
Tc2p;set3;(T1+P1)+(T1+d);FALSE;0
Tc2p;set3;(T1+(P1+d))+T1;FALSE;0
Tc2p;set3;((T1-P1)+P1)+d;FALSE;0
Tc2p;set3;T1+(T1-(P1-d));FALSE;0
Tc2p;set3;T1+((T1-d)-P1);FALSE;0
Tc2p;set3;(T1-P1)-(P1+d);TRUE;0
Tc2p;set3;(T1+d)-(P1-d);FALSE;0
Tc2p;set3;((T1+d)+P1)-d;FALSE;0
Tc2p;set3;(T1+(T1-d))+P1;FALSE;0
Tc2p;set3;(T1+(P1-d))-d;FALSE;0
Tc2p;set3;((T1+P1)+d)+P1;FALSE;0
Tc2p;set3;((T1-P1)-P1)+d;TRUE;0
Tc2p;set3;((T1-d)+d)-P1;FALSE;0
Tc2p;set3;T1-((T1-P1)-d);TRUE;2
Tc2p;set3;((T1+d)+P1)+P1;FALSE;0
Tc2p;set3;((T1-P1)-d)+P1;FALSE;0
Tc2p;set3;((T1+d)+P1)-T1;FALSE;0
Tc2p;set3;(T1+(P1+d))-P1;FALSE;0
Tc2p;set3;T1+((P1-d)+d);FALSE;0
Tc2p;set3;((T1-d)+P1)+P1;FALSE;0
Tc2p;set3;((T1+d)-P1)+d;FALSE;0
Tc2p;set3;((T1+d)+T1)+P1;FALSE;0
Tc2p;set3;(T1+(P1-d))+T1;FALSE;0
Tc2p;set3;(T1+d)-(P1+d);FALSE;0
Tc2p;set3;(T1-(P1-d))+P1;FALSE;0
Tc2p;set3;(T1+(P1+d))-d;FALSE;0
Tc2p;set3;T1-((P1-d)+d);FALSE;0
Tc2p;set3;(T1-(P1-d))-d;FALSE;0
Tc2p;set3;((T1-d)-P1)+d;FALSE;0
Tc2p;set3;P1+((T1+d)-T1);FALSE;0
Tc2p;set3;(T1-(T1-P1))+d;FALSE;0
Tc2p;set3;((T1+d)-P1)-P1;FALSE;0
Cc3p;set0;T1+d;TRUE;1
Cc3p;set0;T1+P1;FALSE;2
Cc3p;set0;T1-P1;FALSE;4
Cc3p;set0;P1+d;FALSE;0
Cc3p;set0;T1-d;TRUE;88
Cc3p;set1;T1+(P1+d);FALSE;0
Cc3p;set1;(T1+d)+P1;FALSE;0
Cc3p;set1;(T1+P1)-d;FALSE;5
Cc3p;set1;T1-(P1-d);FALSE;0
Cc3p;set1;(T1+d)-P1;FALSE;0
Cc3p;set1;(T1-P1)-d;TRUE;33
Cc3p;set1;(T1-P1)+d;FALSE;0
Cc3p;set1;(T1-d)+P1;FALSE;0
Cc3p;set1;T1+(P1-d);FALSE;0
Cc3p;set1;(T1+P1)+d;FALSE;1
Cc3p;set1;(T1-d)-P1;TRUE;6
Cc3p;set1;T1-(P1+d);FALSE;0
Cc3p;set2;T1+(T1-d);FALSE;0
Cc3p;set2;P1+(P1-d);FALSE;0
Cc3p;set2;(T1-d)-d;TRUE;0
Cc3p;set2;(P1-d)+d;FALSE;0
Cc3p;set2;(T1+d)-d;TRUE;0
Cc3p;set2;T1-(T1-d);TRUE;1
Cc3p;set2;(T1+P1)-P1;FALSE;0
Cc3p;set2;(T1+P1)-T1;FALSE;0
Cc3p;set2;(T1+P1)+T1;FALSE;0
Cc3p;set2;(P1-d)-d;FALSE;0
Cc3p;set2;(T1+P1)+P1;FALSE;0
Cc3p;set2;T1-(T1-P1);FALSE;1
Cc3p;set2;(T1-P1)-P1;FALSE;0
Cc3p;set2;(T1-P1)+P1;FALSE;1
Cc3p;set2;(T1+d)+d;FALSE;0
Cc3p;set2;(P1+d)+P1;FALSE;0
Cc3p;set2;(T1+d)-T1;TRUE;0
Cc3p;set2;P1-(P1-d);FALSE;0
Cc3p;set2;(P1+d)-P1;FALSE;0
Cc3p;set2;(T1-d)+d;FALSE;0
Cc3p;set2;(P1+d)+d;FALSE;0
Cc3p;set2;T1+(T1-P1);FALSE;0
Cc3p;set2;(P1+d)-d;FALSE;0
Cc3p;set2;(T1+d)+T1;FALSE;0
Cc3p;set3;(T1+d)+(T1-P1);FALSE;0
Cc3p;set3;((T1-d)+P1)+d;FALSE;0
Cc3p;set3;T1-((P1+d)-d);FALSE;0
Cc3p;set3;T1+((P1+d)-P1);FALSE;0
Cc3p;set3;(T1+P1)-(P1-d);FALSE;0
Cc3p;set3;T1-((P1+d)-P1);FALSE;0
Cc3p;set3;(T1+(T1-P1))+d;FALSE;0
Cc3p;set3;((T1+P1)-d)-d;TRUE;0
Cc3p;set3;(T1-d)+(T1-P1);FALSE;0
Cc3p;set3;T1+((T1+d)-P1);FALSE;0
Cc3p;set3;((T1-d)-P1)+P1;FALSE;0
Cc3p;set3;((T1+P1)+T1)-d;FALSE;0
Cc3p;set3;T1+(P1+(P1-d));FALSE;0
Cc3p;set3;((T1+d)+P1)+d;FALSE;0
Cc3p;set3;T1+((P1+d)+d);FALSE;0
Cc3p;set3;T1-((P1+d)+P1);FALSE;0
Cc3p;set3;(T1+P1)+(T1-d);FALSE;0
Cc3p;set3;T1+((P1+d)-d);FALSE;0
Cc3p;set3;(T1+P1)-(T1+d);FALSE;0
Cc3p;set3;((T1-P1)+d)-d;FALSE;0
Cc3p;set3;(T1-(P1+d))+P1;FALSE;0
Cc3p;set3;((T1-P1)+P1)-d;FALSE;0
Cc3p;set3;P1+(T1-(T1-d));FALSE;0
Cc3p;set3;(T1+P1)+(P1+d);FALSE;0
Cc3p;set3;((T1+P1)+d)+d;FALSE;0
Cc3p;set3;(T1-(P1-d))+d;FALSE;0
Cc3p;set3;(T1+(P1-d))-T1;FALSE;0
Cc3p;set3;T1+((P1+d)+P1);FALSE;0
Cc3p;set3;((T1+d)+d)-P1;FALSE;0
Cc3p;set3;((T1-d)+P1)-P1;FALSE;0
Cc3p;set3;((T1-d)-P1)-d;FALSE;0
Cc3p;set3;T1+(P1-(P1-d));FALSE;0
Cc3p;set3;(T1-d)-(P1-d);FALSE;0
Cc3p;set3;T1+((P1-d)-d);FALSE;0
Cc3p;set3;(T1-P1)-(P1-d);FALSE;0
Cc3p;set3;((T1-P1)-d)-P1;FALSE;0
Cc3p;set3;T1-((P1+d)+d);FALSE;0
Cc3p;set3;((T1+d)+T1)-P1;FALSE;0
Cc3p;set3;((T1+P1)-T1)+d;FALSE;0
Cc3p;set3;(T1+(P1+d))+P1;FALSE;0
Cc3p;set3;(T1+(P1+d))-T1;FALSE;0
Cc3p;set3;T1+(T1-(P1+d));FALSE;0
Cc3p;set3;((T1-P1)+d)-P1;FALSE;0
Cc3p;set3;((T1+P1)+T1)+d;FALSE;0
Cc3p;set3;((T1+d)+d)+P1;FALSE;0
Cc3p;set3;(T1-(P1+d))+d;FALSE;0
Cc3p;set3;(T1-P1)+(P1-d);FALSE;1
Cc3p;set3;((T1+d)-d)+P1;FALSE;0
Cc3p;set3;((T1-d)+P1)-d;FALSE;0
Cc3p;set3;(T1+P1)-(P1+d);FALSE;0
Cc3p;set3;((T1+P1)+P1)-d;FALSE;0
Cc3p;set3;T1+((T1-P1)-d);FALSE;0
Cc3p;set3;(T1+(P1+d))+d;FALSE;0
Cc3p;set3;((T1-d)-d)-P1;FALSE;0
Cc3p;set3;((T1+P1)-P1)-d;FALSE;0
Cc3p;set3;(T1-(P1+d))-P1;FALSE;0
Cc3p;set3;T1-((T1-P1)+d);FALSE;0
Cc3p;set3;T1-(T1-(P1+d));FALSE;0
Cc3p;set3;((T1+P1)+d)+T1;FALSE;0
Cc3p;set3;((T1+P1)-d)+T1;FALSE;0
Cc3p;set3;(T1+(P1-d))+P1;FALSE;0
Cc3p;set3;(T1+(T1-d))-P1;FALSE;0
Cc3p;set3;((T1+d)+P1)-P1;FALSE;0
Cc3p;set3;T1-((P1-d)-d);FALSE;0
Cc3p;set3;((T1+d)-P1)+P1;FALSE;0
Cc3p;set3;((T1-d)+P1)+T1;FALSE;0
Cc3p;set3;((T1+P1)-d)+P1;FALSE;0
Cc3p;set3;((T1+P1)+d)-T1;TRUE;0
Cc3p;set3;(T1-d)+(P1-d);FALSE;1
Cc3p;set3;((T1-P1)+d)+d;FALSE;0
Cc3p;set3;(T1-(T1-P1))-d;TRUE;0
Cc3p;set3;((T1-P1)-d)+d;FALSE;0
Cc3p;set3;T1-((T1+d)-P1);FALSE;0
Cc3p;set3;(T1+(P1-d))+d;FALSE;0
Cc3p;set3;((T1+P1)-d)-T1;TRUE;0
Cc3p;set3;(T1-P1)+(P1+d);FALSE;0
Cc3p;set3;T1-(T1-(P1-d));FALSE;0
Cc3p;set3;((T1-P1)-P1)-d;FALSE;0
Cc3p;set3;T1-(P1-(P1-d));FALSE;0
Cc3p;set3;((T1-d)+d)+P1;FALSE;0
Cc3p;set3;((T1+d)+P1)+T1;FALSE;0
Cc3p;set3;(T1-(P1+d))-d;FALSE;0
Cc3p;set3;((T1-d)-P1)-P1;FALSE;0
Cc3p;set3;((T1+d)-d)-P1;FALSE;0
Cc3p;set3;(T1+d)+(P1+d);FALSE;0
Cc3p;set3;((T1-P1)+d)+P1;FALSE;0
Cc3p;set3;(T1-d)-(P1+d);FALSE;0
Cc3p;set3;(T1+d)-(T1-P1);TRUE;0
Cc3p;set3;(T1+P1)-(T1-d);FALSE;0
Cc3p;set3;(T1+P1)+(P1-d);FALSE;0
Cc3p;set3;P1-(T1-(T1-d));TRUE;0
Cc3p;set3;((T1+P1)-d)-P1;TRUE;0
Cc3p;set3;T1+((T1-P1)+d);FALSE;0
Cc3p;set3;((T1-d)+P1)-T1;FALSE;0
Cc3p;set3;((T1+d)-P1)-d;FALSE;0
Cc3p;set3;P1-((T1+d)-T1);TRUE;0
Cc3p;set3;((T1+P1)+P1)+d;FALSE;0
Cc3p;set3;(T1+(P1-d))-P1;FALSE;0
Cc3p;set3;((T1+P1)+d)-P1;FALSE;0
Cc3p;set3;T1-((T1-d)-P1);FALSE;0
Cc3p;set3;(T1+(T1-P1))-d;FALSE;0
Cc3p;set3;((T1-P1)-d)-d;FALSE;0
Cc3p;set3;(T1+d)+(P1-d);FALSE;0
Cc3p;set3;((T1+P1)-T1)-d;FALSE;0
Cc3p;set3;((T1+P1)-d)+d;FALSE;0
Cc3p;set3;((T1+P1)-P1)+d;FALSE;0
Cc3p;set3;((T1-d)-d)+P1;FALSE;0
Cc3p;set3;(T1-(P1-d))-P1;FALSE;0
Cc3p;set3;((T1+P1)+d)-d;FALSE;0
Cc3p;set3;T1-(P1+(P1-d));FALSE;0
Cc3p;set3;(T1-d)+(P1+d);FALSE;0
Cc3p;set3;(T1+P1)+(T1+d);FALSE;0
Cc3p;set3;(T1+(P1+d))+T1;FALSE;0
Cc3p;set3;((T1-P1)+P1)+d;FALSE;0
Cc3p;set3;T1+(T1-(P1-d));FALSE;0
Cc3p;set3;T1+((T1-d)-P1);FALSE;0
Cc3p;set3;(T1-P1)-(P1+d);FALSE;0
Cc3p;set3;(T1+d)-(P1-d);FALSE;0
Cc3p;set3;((T1+d)+P1)-d;FALSE;0
Cc3p;set3;(T1+(T1-d))+P1;FALSE;0
Cc3p;set3;(T1+(P1-d))-d;FALSE;0
Cc3p;set3;((T1+P1)+d)+P1;FALSE;0
Cc3p;set3;((T1-P1)-P1)+d;FALSE;0
Cc3p;set3;((T1-d)+d)-P1;FALSE;0
Cc3p;set3;T1-((T1-P1)-d);FALSE;0
Cc3p;set3;((T1+d)+P1)+P1;FALSE;0
Cc3p;set3;((T1-P1)-d)+P1;FALSE;0
Cc3p;set3;((T1+d)+P1)-T1;FALSE;0
Cc3p;set3;(T1+(P1+d))-P1;FALSE;0
Cc3p;set3;T1+((P1-d)+d);FALSE;0
Cc3p;set3;((T1-d)+P1)+P1;FALSE;0
Cc3p;set3;((T1+d)-P1)+d;FALSE;0
Cc3p;set3;((T1+d)+T1)+P1;FALSE;0
Cc3p;set3;(T1+(P1-d))+T1;FALSE;0
Cc3p;set3;(T1+d)-(P1+d);FALSE;0
Cc3p;set3;(T1-(P1-d))+P1;FALSE;0
Cc3p;set3;(T1+(P1+d))-d;FALSE;0
Cc3p;set3;T1-((P1-d)+d);FALSE;0
Cc3p;set3;(T1-(P1-d))-d;FALSE;0
Cc3p;set3;((T1-d)-P1)+d;FALSE;0
Cc3p;set3;P1+((T1+d)-T1);FALSE;0
Cc3p;set3;(T1-(T1-P1))+d;FALSE;0
Cc3p;set3;((T1+d)-P1)-P1;FALSE;0
Cc2t;set0;T1+d;TRUE;1
Cc2t;set0;T1+P1;FALSE;1
Cc2t;set0;P1-d;TRUE;7
Cc2t;set0;T1-P1;FALSE;4
Cc2t;set0;P1+d;TRUE;1
Cc2t;set1;T1+(P1+d);TRUE;0
Cc2t;set1;(T1+d)+P1;FALSE;0
Cc2t;set1;(T1+P1)-d;TRUE;1
Cc2t;set1;T1-(P1-d);TRUE;3
Cc2t;set1;(T1+d)-P1;FALSE;0
Cc2t;set1;(T1-P1)-d;FALSE;2
Cc2t;set1;(T1-P1)+d;TRUE;24
Cc2t;set1;(T1-d)+P1;FALSE;1
Cc2t;set1;T1+(P1-d);TRUE;3
Cc2t;set1;(T1+P1)+d;FALSE;0
Cc2t;set1;(T1-d)-P1;FALSE;0
Cc2t;set1;T1-(P1+d);FALSE;0
Cc2t;set2;T1+(T1-d);TRUE;0
Cc2t;set2;P1+(P1-d);FALSE;3
Cc2t;set2;(T1-d)-d;FALSE;0
Cc2t;set2;(P1-d)+d;FALSE;0
Cc2t;set2;(T1+d)-d;FALSE;0
Cc2t;set2;T1-(T1-d);FALSE;0
Cc2t;set2;(T1+P1)-P1;FALSE;0
Cc2t;set2;(T1+P1)-T1;FALSE;0
Cc2t;set2;(T1+P1)+T1;FALSE;0
Cc2t;set2;(P1-d)-d;FALSE;0
Cc2t;set2;(T1+P1)+P1;FALSE;0
Cc2t;set2;T1-(T1-P1);FALSE;0
Cc2t;set2;(T1-P1)-P1;FALSE;0
Cc2t;set2;(T1-P1)+P1;FALSE;0
Cc2t;set2;(T1+d)+d;FALSE;0
Cc2t;set2;(P1+d)+P1;FALSE;0
Cc2t;set2;(T1+d)-T1;FALSE;0
Cc2t;set2;P1-(P1-d);FALSE;0
Cc2t;set2;(P1+d)-P1;FALSE;0
Cc2t;set2;(T1-d)+d;FALSE;1
Cc2t;set2;(P1+d)+d;FALSE;0
Cc2t;set2;T1+(T1-P1);FALSE;0
Cc2t;set2;(P1+d)-d;FALSE;0
Cc2t;set2;(T1+d)+T1;FALSE;0
Cc2t;set3;(T1+d)+(T1-P1);TRUE;0
Cc2t;set3;((T1-d)+P1)+d;FALSE;0
Cc2t;set3;T1-((P1+d)-d);FALSE;0
Cc2t;set3;T1+((P1+d)-P1);FALSE;0
Cc2t;set3;(T1+P1)-(P1-d);TRUE;0
Cc2t;set3;T1-((P1+d)-P1);FALSE;0
Cc2t;set3;(T1+(T1-P1))+d;FALSE;0
Cc2t;set3;((T1+P1)-d)-d;FALSE;0
Cc2t;set3;(T1-d)+(T1-P1);TRUE;3
Cc2t;set3;T1+((T1+d)-P1);FALSE;0
Cc2t;set3;((T1-d)-P1)+P1;FALSE;0
Cc2t;set3;((T1+P1)+T1)-d;FALSE;0
Cc2t;set3;T1+(P1+(P1-d));FALSE;0
Cc2t;set3;((T1+d)+P1)+d;FALSE;0
Cc2t;set3;T1+((P1+d)+d);FALSE;0
Cc2t;set3;T1-((P1+d)+P1);FALSE;0
Cc2t;set3;(T1+P1)+(T1-d);FALSE;0
Cc2t;set3;T1+((P1+d)-d);FALSE;0
Cc2t;set3;(T1+P1)-(T1+d);FALSE;0
Cc2t;set3;((T1-P1)+d)-d;FALSE;0
Cc2t;set3;(T1-(P1+d))+P1;FALSE;0
Cc2t;set3;((T1-P1)+P1)-d;FALSE;0
Cc2t;set3;P1+(T1-(T1-d));FALSE;0
Cc2t;set3;(T1+P1)+(P1+d);FALSE;0
Cc2t;set3;((T1+P1)+d)+d;FALSE;0
Cc2t;set3;(T1-(P1-d))+d;FALSE;0
Cc2t;set3;(T1+(P1-d))-T1;FALSE;0
Cc2t;set3;T1+((P1+d)+P1);FALSE;0
Cc2t;set3;((T1+d)+d)-P1;FALSE;0
Cc2t;set3;((T1-d)+P1)-P1;FALSE;0
Cc2t;set3;((T1-d)-P1)-d;FALSE;0
Cc2t;set3;T1+(P1-(P1-d));FALSE;0
Cc2t;set3;(T1-d)-(P1-d);FALSE;0
Cc2t;set3;T1+((P1-d)-d);FALSE;0
Cc2t;set3;(T1-P1)-(P1-d);FALSE;0
Cc2t;set3;((T1-P1)-d)-P1;FALSE;0
Cc2t;set3;T1-((P1+d)+d);FALSE;0
Cc2t;set3;((T1+d)+T1)-P1;FALSE;0
Cc2t;set3;((T1+P1)-T1)+d;FALSE;0
Cc2t;set3;(T1+(P1+d))+P1;FALSE;0
Cc2t;set3;(T1+(P1+d))-T1;FALSE;0
Cc2t;set3;T1+(T1-(P1+d));FALSE;0
Cc2t;set3;((T1-P1)+d)-P1;FALSE;0
Cc2t;set3;((T1+P1)+T1)+d;FALSE;0
Cc2t;set3;((T1+d)+d)+P1;FALSE;0
Cc2t;set3;(T1-(P1+d))+d;FALSE;0
Cc2t;set3;((T1+d)-d)+P1;FALSE;0
Cc2t;set3;((T1-d)+P1)-d;FALSE;0
Cc2t;set3;(T1+P1)-(P1+d);FALSE;0
Cc2t;set3;((T1+P1)+P1)-d;FALSE;0
Cc2t;set3;T1+((T1-P1)-d);FALSE;0
Cc2t;set3;(T1+(P1+d))+d;FALSE;0
Cc2t;set3;((T1-d)-d)-P1;FALSE;0
Cc2t;set3;((T1+P1)-P1)-d;FALSE;0
Cc2t;set3;(T1-(P1+d))-P1;FALSE;0
Cc2t;set3;T1-((T1-P1)+d);FALSE;0
Cc2t;set3;T1-(T1-(P1+d));FALSE;0
Cc2t;set3;((T1+P1)+d)+T1;FALSE;0
Cc2t;set3;((T1+P1)-d)+T1;FALSE;0
Cc2t;set3;(T1+(P1-d))+P1;FALSE;0
Cc2t;set3;(T1+(T1-d))-P1;FALSE;0
Cc2t;set3;((T1+d)+P1)-P1;FALSE;0
Cc2t;set3;T1-((P1-d)-d);FALSE;0
Cc2t;set3;((T1+d)-P1)+P1;FALSE;0
Cc2t;set3;((T1-d)+P1)+T1;FALSE;0
Cc2t;set3;((T1+P1)-d)+P1;FALSE;0
Cc2t;set3;((T1+P1)+d)-T1;FALSE;0
Cc2t;set3;(T1-d)+(P1-d);FALSE;0
Cc2t;set3;((T1-P1)+d)+d;FALSE;0
Cc2t;set3;(T1-(T1-P1))-d;FALSE;0
Cc2t;set3;(T1-d)-(T1-P1);FALSE;0
Cc2t;set3;((T1-P1)-d)+d;FALSE;0
Cc2t;set3;T1-((T1+d)-P1);FALSE;0
Cc2t;set3;(T1+(P1-d))+d;FALSE;0
Cc2t;set3;((T1+P1)-d)-T1;FALSE;0
Cc2t;set3;(T1-P1)+(P1+d);TRUE;0
Cc2t;set3;T1-(T1-(P1-d));FALSE;0
Cc2t;set3;((T1-P1)-P1)-d;FALSE;0
Cc2t;set3;T1-(P1-(P1-d));FALSE;0
Cc2t;set3;((T1-d)+d)+P1;FALSE;0
Cc2t;set3;((T1+d)+P1)+T1;FALSE;0
Cc2t;set3;(T1-(P1+d))-d;FALSE;0
Cc2t;set3;((T1-d)-P1)-P1;FALSE;0
Cc2t;set3;((T1+d)-d)-P1;FALSE;0
Cc2t;set3;(T1+d)+(P1+d);FALSE;0
Cc2t;set3;((T1-P1)+d)+P1;FALSE;0
Cc2t;set3;(T1-d)-(P1+d);FALSE;0
Cc2t;set3;(T1+d)-(T1-P1);FALSE;0
Cc2t;set3;(T1+P1)-(T1-d);FALSE;0
Cc2t;set3;(T1+P1)+(P1-d);FALSE;0
Cc2t;set3;P1-(T1-(T1-d));FALSE;0
Cc2t;set3;((T1+P1)-d)-P1;FALSE;0
Cc2t;set3;T1+((T1-P1)+d);FALSE;0
Cc2t;set3;((T1-d)+P1)-T1;FALSE;0
Cc2t;set3;((T1+d)-P1)-d;FALSE;0
Cc2t;set3;P1-((T1+d)-T1);FALSE;0
Cc2t;set3;((T1+P1)+P1)+d;FALSE;0
Cc2t;set3;(T1+(P1-d))-P1;FALSE;0
Cc2t;set3;((T1+P1)+d)-P1;FALSE;0
Cc2t;set3;T1-((T1-d)-P1);FALSE;0
Cc2t;set3;(T1+(T1-P1))-d;TRUE;0
Cc2t;set3;((T1-P1)-d)-d;FALSE;0
Cc2t;set3;(T1+d)+(P1-d);FALSE;0
Cc2t;set3;((T1+P1)-T1)-d;FALSE;0
Cc2t;set3;((T1+P1)-d)+d;FALSE;0
Cc2t;set3;((T1+P1)-P1)+d;FALSE;0
Cc2t;set3;((T1-d)-d)+P1;FALSE;0
Cc2t;set3;(T1-(P1-d))-P1;FALSE;0
Cc2t;set3;((T1+P1)+d)-d;FALSE;0
Cc2t;set3;T1-(P1+(P1-d));FALSE;0
Cc2t;set3;(T1-d)+(P1+d);FALSE;0
Cc2t;set3;(T1+P1)+(T1+d);FALSE;0
Cc2t;set3;(T1+(P1+d))+T1;FALSE;0
Cc2t;set3;((T1-P1)+P1)+d;FALSE;0
Cc2t;set3;T1+(T1-(P1-d));FALSE;0
Cc2t;set3;T1+((T1-d)-P1);FALSE;0
Cc2t;set3;(T1-P1)-(P1+d);FALSE;0
Cc2t;set3;(T1+d)-(P1-d);FALSE;0
Cc2t;set3;((T1+d)+P1)-d;FALSE;0
Cc2t;set3;(T1+(T1-d))+P1;FALSE;0
Cc2t;set3;(T1+(P1-d))-d;FALSE;0
Cc2t;set3;((T1+P1)+d)+P1;FALSE;0
Cc2t;set3;((T1-P1)-P1)+d;FALSE;0
Cc2t;set3;((T1-d)+d)-P1;FALSE;0
Cc2t;set3;T1-((T1-P1)-d);FALSE;0
Cc2t;set3;((T1+d)+P1)+P1;FALSE;0
Cc2t;set3;((T1-P1)-d)+P1;FALSE;0
Cc2t;set3;((T1+d)+P1)-T1;FALSE;0
Cc2t;set3;(T1+(P1+d))-P1;FALSE;0
Cc2t;set3;T1+((P1-d)+d);FALSE;0
Cc2t;set3;((T1-d)+P1)+P1;FALSE;0
Cc2t;set3;((T1+d)-P1)+d;FALSE;0
Cc2t;set3;((T1+d)+T1)+P1;FALSE;0
Cc2t;set3;(T1+(P1-d))+T1;FALSE;0
Cc2t;set3;(T1+d)-(P1+d);FALSE;0
Cc2t;set3;(T1-(P1-d))+P1;FALSE;0
Cc2t;set3;(T1+(P1+d))-d;FALSE;0
Cc2t;set3;T1-((P1-d)+d);FALSE;0
Cc2t;set3;(T1-(P1-d))-d;FALSE;1
Cc2t;set3;((T1-d)-P1)+d;FALSE;0
Cc2t;set3;P1+((T1+d)-T1);FALSE;0
Cc2t;set3;(T1-(T1-P1))+d;FALSE;0
Cc2t;set3;((T1+d)-P1)-P1;FALSE;0
Cc1p;set0;T1+d;TRUE;0
Cc1p;set0;T1+P1;FALSE;0
Cc1p;set0;T1-P1;FALSE;9
Cc1p;set0;P1+d;FALSE;1
Cc1p;set0;T1-d;TRUE;77
Cc1p;set1;T1+(P1+d);FALSE;0
Cc1p;set1;(T1+d)+P1;FALSE;0
Cc1p;set1;(T1+P1)-d;FALSE;5
Cc1p;set1;T1-(P1-d);FALSE;1
Cc1p;set1;(T1+d)-P1;FALSE;0
Cc1p;set1;(T1-P1)-d;TRUE;36
Cc1p;set1;(T1-P1)+d;FALSE;3
Cc1p;set1;(T1-d)+P1;FALSE;0
Cc1p;set1;T1+(P1-d);FALSE;0
Cc1p;set1;(T1+P1)+d;FALSE;1
Cc1p;set1;(T1-d)-P1;TRUE;7
Cc1p;set1;T1-(P1+d);FALSE;0
Cc1p;set2;T1+(T1-d);FALSE;0
Cc1p;set2;d-(P1-d);FALSE;1
Cc1p;set2;P1+(P1-d);FALSE;0
Cc1p;set2;(T1-d)-d;TRUE;0
Cc1p;set2;(T1+d)-d;TRUE;0
Cc1p;set2;T1-(T1-d);TRUE;0
Cc1p;set2;(T1+P1)-P1;FALSE;0
Cc1p;set2;(T1+P1)-T1;FALSE;0
Cc1p;set2;(T1+P1)+T1;FALSE;0
Cc1p;set2;(T1+P1)+P1;FALSE;0
Cc1p;set2;T1-(T1-P1);FALSE;3
Cc1p;set2;(T1-P1)-P1;FALSE;0
Cc1p;set2;(T1-P1)+P1;FALSE;0
Cc1p;set2;(T1+d)+d;FALSE;0
Cc1p;set2;(P1+d)+P1;FALSE;0
Cc1p;set2;(T1+d)-T1;TRUE;0
Cc1p;set2;P1-(P1-d);FALSE;0
Cc1p;set2;(P1+d)-P1;FALSE;0
Cc1p;set2;(T1-d)+d;FALSE;0
Cc1p;set2;(P1+d)+d;FALSE;0
Cc1p;set2;d+(P1-d);FALSE;0
Cc1p;set2;T1+(T1-P1);FALSE;0
Cc1p;set2;(P1+d)-d;FALSE;0
Cc1p;set2;(T1+d)+T1;FALSE;0
Cc1p;set3;(T1+d)+(T1-P1);FALSE;0
Cc1p;set3;((T1-d)+P1)+d;FALSE;0
Cc1p;set3;T1-((P1+d)-d);FALSE;0
Cc1p;set3;T1+((P1+d)-P1);FALSE;0
Cc1p;set3;(T1+P1)-(P1-d);FALSE;0
Cc1p;set3;T1-((P1+d)-P1);FALSE;0
Cc1p;set3;(T1+(T1-P1))+d;FALSE;0
Cc1p;set3;P1-(T1-(P1+d));FALSE;0
Cc1p;set3;(T1-d)+(T1-P1);FALSE;0
Cc1p;set3;T1+((T1+d)-P1);FALSE;0
Cc1p;set3;((T1+P1)+T1)-d;FALSE;0
Cc1p;set3;T1+(P1+(P1-d));FALSE;0
Cc1p;set3;((T1+d)+P1)+d;FALSE;0
Cc1p;set3;T1+((P1+d)+d);FALSE;0
Cc1p;set3;(T1+P1)+(T1-d);FALSE;0
Cc1p;set3;(T1+(T1-d))+P1;FALSE;0
Cc1p;set3;T1+((P1+d)-d);FALSE;0
Cc1p;set3;(T1+P1)-(T1+d);FALSE;0
Cc1p;set3;((T1-P1)+d)-d;FALSE;0
Cc1p;set3;((T1-P1)+P1)-d;FALSE;0
Cc1p;set3;P1+(T1-(T1-d));FALSE;0
Cc1p;set3;(T1+P1)+(P1+d);FALSE;0
Cc1p;set3;((T1+P1)+d)+d;FALSE;0
Cc1p;set3;((T1+P1)-d)+T1;FALSE;0
Cc1p;set3;(T1-(P1-d))+d;FALSE;0
Cc1p;set3;(T1+(P1-d))-T1;FALSE;0
Cc1p;set3;T1-(d+(P1-d));FALSE;0
Cc1p;set3;P1-((T1-d)-P1);TRUE;0
Cc1p;set3;((T1-d)+P1)-P1;FALSE;0
Cc1p;set3;((T1-d)-P1)-d;FALSE;0
Cc1p;set3;((P1+d)+P1)+T1;FALSE;0
Cc1p;set3;T1+(P1-(P1-d));FALSE;0
Cc1p;set3;(T1-d)-(P1-d);FALSE;0
Cc1p;set3;(T1-P1)-(P1-d);FALSE;1
Cc1p;set3;T1-((P1+d)+d);FALSE;0
Cc1p;set3;((T1+d)+T1)-P1;FALSE;0
Cc1p;set3;(T1+(P1+d))+P1;FALSE;0
Cc1p;set3;(T1+(P1+d))-T1;FALSE;0
Cc1p;set3;T1+(T1-(P1+d));FALSE;0
Cc1p;set3;P1+((T1-P1)-d);FALSE;0
Cc1p;set3;((T1-P1)+d)-P1;FALSE;0
Cc1p;set3;((T1+P1)+T1)+d;FALSE;0
Cc1p;set3;((T1+d)+d)+P1;FALSE;0
Cc1p;set3;(T1-(P1+d))+d;FALSE;0
Cc1p;set3;(T1-P1)+(P1-d);FALSE;2
Cc1p;set3;((T1+d)-d)+P1;FALSE;0
Cc1p;set3;((T1-d)+P1)-d;FALSE;0
Cc1p;set3;(T1+P1)-(P1+d);FALSE;0
Cc1p;set3;((T1+P1)+P1)-d;FALSE;0
Cc1p;set3;T1+((T1-P1)-d);FALSE;0
Cc1p;set3;(T1+(P1+d))+d;FALSE;0
Cc1p;set3;((T1-d)-d)-P1;FALSE;0
Cc1p;set3;((T1+P1)-P1)-d;FALSE;0
Cc1p;set3;T1+(d+(P1-d));FALSE;0
Cc1p;set3;T1-((T1-P1)+d);FALSE;0
Cc1p;set3;T1-(T1-(P1+d));FALSE;0
Cc1p;set3;d+((T1-P1)-P1);FALSE;0
Cc1p;set3;((T1+d)+P1)+T1;FALSE;0
Cc1p;set3;(T1+d)+(P1+d);FALSE;0
Cc1p;set3;(T1+(T1-d))-P1;FALSE;0
Cc1p;set3;((T1+d)+P1)-P1;FALSE;0
Cc1p;set3;((T1+d)-P1)+P1;FALSE;0
Cc1p;set3;((T1-d)+P1)+T1;FALSE;0
Cc1p;set3;((T1+P1)-d)+P1;FALSE;0
Cc1p;set3;((T1+P1)+d)-T1;TRUE;0
Cc1p;set3;(T1-d)+(P1-d);FALSE;0
Cc1p;set3;((T1-P1)+d)+d;FALSE;0
Cc1p;set3;(T1-(T1-P1))-d;TRUE;0
Cc1p;set3;((T1-P1)-d)+d;FALSE;0
Cc1p;set3;T1-((T1+d)-P1);FALSE;0
Cc1p;set3;T1-(d-(P1-d));FALSE;0
Cc1p;set3;(T1+(P1-d))+d;FALSE;0
Cc1p;set3;((T1+P1)-d)-T1;TRUE;0
Cc1p;set3;((T1+P1)-T1)+d;FALSE;0
Cc1p;set3;T1-(T1-(P1-d));FALSE;0
Cc1p;set3;T1-(P1-(P1-d));FALSE;0
Cc1p;set3;((T1-d)+d)+P1;FALSE;0
Cc1p;set3;((T1-P1)+d)+P1;FALSE;0
Cc1p;set3;((P1+d)+P1)-T1;FALSE;0
Cc1p;set3;((T1+d)-d)-P1;FALSE;0
Cc1p;set3;(T1+(P1-d))+P1;FALSE;0
Cc1p;set3;(T1-(P1+d))-d;FALSE;0
Cc1p;set3;(T1-d)-(P1+d);FALSE;0
Cc1p;set3;(T1+d)-(T1-P1);TRUE;0
Cc1p;set3;P1+((T1-d)-P1);FALSE;0
Cc1p;set3;(T1+P1)-(T1-d);FALSE;0
Cc1p;set3;(P1+d)-(T1-P1);FALSE;0
Cc1p;set3;P1-(T1-(T1-d));TRUE;0
Cc1p;set3;((T1+P1)-d)-P1;TRUE;0
Cc1p;set3;T1+((T1-P1)+d);FALSE;0
Cc1p;set3;((T1-d)+P1)-T1;FALSE;0
Cc1p;set3;d-((T1-P1)-P1);FALSE;0
Cc1p;set3;P1+(T1-(P1+d));FALSE;0
Cc1p;set3;P1-((T1+d)-T1);TRUE;0
Cc1p;set3;((T1+P1)+P1)+d;FALSE;0
Cc1p;set3;(T1+(P1-d))-P1;FALSE;0
Cc1p;set3;((T1+P1)+d)-P1;FALSE;0
Cc1p;set3;T1-((T1-d)-P1);FALSE;0
Cc1p;set3;(T1+(T1-P1))-d;FALSE;0
Cc1p;set3;((T1-P1)-d)-d;FALSE;0
Cc1p;set3;((T1+P1)-T1)-d;FALSE;0
Cc1p;set3;((T1+P1)-d)+d;FALSE;0
Cc1p;set3;((T1+P1)-P1)+d;FALSE;0
Cc1p;set3;((T1-d)-d)+P1;FALSE;0
Cc1p;set3;(T1-(P1-d))-P1;FALSE;0
Cc1p;set3;((T1+d)-P1)-d;FALSE;0
Cc1p;set3;T1-(P1+(P1-d));FALSE;0
Cc1p;set3;(T1-d)+(P1+d);FALSE;0
Cc1p;set3;(T1+P1)+(T1+d);FALSE;0
Cc1p;set3;(T1+(P1+d))+T1;FALSE;0
Cc1p;set3;((T1-P1)+P1)+d;FALSE;0
Cc1p;set3;T1+(T1-(P1-d));FALSE;0
Cc1p;set3;T1+((T1-d)-P1);FALSE;0
Cc1p;set3;(T1+d)-(P1-d);FALSE;0
Cc1p;set3;((T1+P1)+d)-d;FALSE;0
Cc1p;set3;((T1+P1)-d)-d;TRUE;0
Cc1p;set3;(P1+d)+(T1-P1);FALSE;0
Cc1p;set3;((T1+P1)+d)+T1;FALSE;0
Cc1p;set3;(T1+(P1-d))-d;FALSE;0
Cc1p;set3;((T1+P1)+d)+P1;FALSE;0
Cc1p;set3;((T1+d)+d)-P1;FALSE;0
Cc1p;set3;((T1+d)+P1)-d;FALSE;0
Cc1p;set3;((T1-d)+d)-P1;FALSE;0
Cc1p;set3;T1-((T1-P1)-d);FALSE;0
Cc1p;set3;((T1+d)+P1)+P1;FALSE;0
Cc1p;set3;((T1+d)+P1)-T1;FALSE;0
Cc1p;set3;(T1+(P1+d))-P1;FALSE;0
Cc1p;set3;(T1+d)+(P1-d);FALSE;0
Cc1p;set3;((T1-d)+P1)+P1;FALSE;0
Cc1p;set3;(T1+P1)+(P1-d);FALSE;0
Cc1p;set3;T1+(d-(P1-d));FALSE;0
Cc1p;set3;((T1+d)-P1)+d;FALSE;0
Cc1p;set3;((T1+d)+T1)+P1;FALSE;0
Cc1p;set3;(T1+(P1-d))+T1;FALSE;0
Cc1p;set3;(T1+d)-(P1+d);FALSE;0
Cc1p;set3;(T1-(P1-d))+P1;FALSE;0
Cc1p;set3;(T1+(P1+d))-d;FALSE;0
Cc1p;set3;(T1-(P1-d))-d;FALSE;0
Cc1p;set3;((T1-d)-P1)+d;FALSE;0
Cc1p;set3;P1+((T1+d)-T1);FALSE;0
Cc1p;set3;P1-((T1-P1)-d);FALSE;0
Cc1p;set3;(T1-(T1-P1))+d;FALSE;0
Cc1p;set3;((T1+d)-P1)-P1;FALSE;0
Tc1t;set0;T1+d;TRUE;12
Tc1t;set0;T1+P1;TRUE;3
Tc1t;set0;P1-d;TRUE;14
Tc1t;set0;T1-P1;FALSE;0
Tc1t;set0;P1+d;TRUE;10
Tc1t;set1;T1+(P1+d);TRUE;0
Tc1t;set1;(T1+d)+P1;FALSE;0
Tc1t;set1;(T1+P1)-d;TRUE;10
Tc1t;set1;T1-(P1-d);TRUE;0
Tc1t;set1;(T1+d)-P1;FALSE;0
Tc1t;set1;(T1-P1)-d;TRUE;13
Tc1t;set1;(T1-P1)+d;TRUE;6
Tc1t;set1;(T1-d)+P1;TRUE;4
Tc1t;set1;T1+(P1-d);TRUE;7
Tc1t;set1;(T1+P1)+d;TRUE;2
Tc1t;set1;(T1-d)-P1;FALSE;1
Tc1t;set1;T1-(P1+d);TRUE;0
Tc1t;set2;T1+(T1-d);TRUE;0
Tc1t;set2;P1+(P1-d);TRUE;2
Tc1t;set2;(T1-d)-d;FALSE;0
Tc1t;set2;(P1-d)+d;TRUE;0
Tc1t;set2;(T1+d)-d;FALSE;0
Tc1t;set2;T1-(T1-d);FALSE;0
Tc1t;set2;(T1+P1)-P1;FALSE;0
Tc1t;set2;(T1+P1)-T1;FALSE;0
Tc1t;set2;(T1+P1)+T1;FALSE;0
Tc1t;set2;(P1-d)-d;FALSE;0
Tc1t;set2;(T1+P1)+P1;FALSE;0
Tc1t;set2;T1-(T1-P1);FALSE;0
Tc1t;set2;(T1-P1)-P1;FALSE;1
Tc1t;set2;(T1-P1)+P1;TRUE;0
Tc1t;set2;(T1+d)+d;FALSE;0
Tc1t;set2;(P1+d)+P1;TRUE;0
Tc1t;set2;(T1+d)-T1;FALSE;0
Tc1t;set2;P1-(P1-d);TRUE;0
Tc1t;set2;(P1+d)-P1;TRUE;0
Tc1t;set2;(T1-d)+d;FALSE;0
Tc1t;set2;(P1+d)+d;FALSE;0
Tc1t;set2;T1+(T1-P1);TRUE;0
Tc1t;set2;(P1+d)-d;FALSE;0
Tc1t;set2;(T1+d)+T1;FALSE;0
Tc1t;set3;(T1+d)+(T1-P1);TRUE;0
Tc1t;set3;((T1-d)+P1)+d;FALSE;0
Tc1t;set3;T1-((P1+d)-d);FALSE;0
Tc1t;set3;T1+((P1+d)-P1);FALSE;0
Tc1t;set3;(T1+P1)-(P1-d);TRUE;0
Tc1t;set3;T1-((P1+d)-P1);FALSE;0
Tc1t;set3;(T1+(T1-P1))+d;TRUE;0
Tc1t;set3;P1-(T1-(P1+d));FALSE;0
Tc1t;set3;(T1-d)+(T1-P1);TRUE;0
Tc1t;set3;T1+((T1+d)-P1);FALSE;0
Tc1t;set3;((T1+P1)+T1)-d;FALSE;0
Tc1t;set3;T1+(P1+(P1-d));FALSE;0
Tc1t;set3;((T1+d)+P1)+d;FALSE;0
Tc1t;set3;T1+((P1+d)+d);FALSE;0
Tc1t;set3;(T1+P1)+(T1-d);FALSE;0
Tc1t;set3;(T1+d)+(P1+d);FALSE;0
Tc1t;set3;T1+((P1+d)-d);FALSE;0
Tc1t;set3;(T1+P1)-(T1+d);FALSE;0
Tc1t;set3;((T1-P1)+d)-d;FALSE;0
Tc1t;set3;((T1-P1)+P1)-d;TRUE;0
Tc1t;set3;P1+(T1-(T1-d));FALSE;0
Tc1t;set3;(T1+P1)+(P1+d);FALSE;0
Tc1t;set3;((T1+P1)+d)+d;FALSE;0
Tc1t;set3;(T1-(P1-d))+d;FALSE;0
Tc1t;set3;(T1+(P1-d))-T1;FALSE;0
Tc1t;set3;P1-((T1-d)-P1);FALSE;0
Tc1t;set3;((T1-d)+P1)-P1;FALSE;0
Tc1t;set3;((T1-d)-P1)-d;FALSE;0
Tc1t;set3;((P1+d)+P1)+T1;FALSE;0
Tc1t;set3;T1+(P1-(P1-d));FALSE;0
Tc1t;set3;(T1-d)-(P1-d);FALSE;0
Tc1t;set3;(T1-P1)-(P1-d);FALSE;0
Tc1t;set3;T1-((P1+d)+d);FALSE;0
Tc1t;set3;((T1+d)+T1)-P1;FALSE;0
Tc1t;set3;(T1+(P1+d))+P1;FALSE;0
Tc1t;set3;(T1+(P1+d))-T1;FALSE;0
Tc1t;set3;T1+(T1-(P1+d));FALSE;0
Tc1t;set3;P1+((T1-P1)-d);TRUE;3
Tc1t;set3;((T1-P1)+d)-P1;FALSE;0
Tc1t;set3;((T1+P1)+T1)+d;FALSE;0
Tc1t;set3;((T1+d)+d)+P1;FALSE;0
Tc1t;set3;(T1-(P1+d))+d;FALSE;0
Tc1t;set3;((T1+d)-d)+P1;FALSE;0
Tc1t;set3;((T1-d)+P1)-d;FALSE;0
Tc1t;set3;(T1+P1)-(P1+d);TRUE;0
Tc1t;set3;((T1+P1)+P1)-d;FALSE;0
Tc1t;set3;T1+((T1-P1)-d);TRUE;0
Tc1t;set3;(T1+(P1+d))+d;FALSE;0
Tc1t;set3;((T1-d)-d)-P1;FALSE;0
Tc1t;set3;((T1+P1)-P1)-d;FALSE;0
Tc1t;set3;T1-((T1-P1)+d);TRUE;0
Tc1t;set3;T1-(T1-(P1+d));FALSE;0
Tc1t;set3;d+((T1-P1)-P1);FALSE;0
Tc1t;set3;((T1+P1)+d)+T1;FALSE;0
Tc1t;set3;((T1+P1)-d)+T1;FALSE;0
Tc1t;set3;T1+((P1-d)-d);FALSE;0
Tc1t;set3;(T1+(T1-d))-P1;FALSE;0
Tc1t;set3;((T1+d)+P1)-P1;FALSE;0
Tc1t;set3;T1-((P1-d)-d);FALSE;0
Tc1t;set3;((T1+d)-P1)+P1;FALSE;0
Tc1t;set3;((T1-d)+P1)+T1;FALSE;0
Tc1t;set3;((T1+P1)-d)+P1;FALSE;0
Tc1t;set3;((T1+P1)+d)-T1;FALSE;0
Tc1t;set3;(T1-d)+(P1-d);TRUE;0
Tc1t;set3;((T1-P1)+d)+d;FALSE;0
Tc1t;set3;(T1-(T1-P1))-d;FALSE;0
Tc1t;set3;(T1-d)-(T1-P1);FALSE;0
Tc1t;set3;((T1-P1)-d)+d;TRUE;0
Tc1t;set3;T1-((T1+d)-P1);FALSE;0
Tc1t;set3;(T1+(P1-d))+d;FALSE;0
Tc1t;set3;((T1+P1)-d)-T1;FALSE;0
Tc1t;set3;((T1+P1)-T1)+d;FALSE;0
Tc1t;set3;T1-(T1-(P1-d));FALSE;0
Tc1t;set3;T1-(P1-(P1-d));TRUE;0
Tc1t;set3;((T1-d)+d)+P1;FALSE;0
Tc1t;set3;((T1+d)+P1)+T1;FALSE;0
Tc1t;set3;(T1-(P1+d))-d;FALSE;0
Tc1t;set3;((P1+d)+P1)-T1;FALSE;0
Tc1t;set3;((T1+d)-d)-P1;FALSE;0
Tc1t;set3;(T1+(P1-d))+P1;FALSE;0
Tc1t;set3;((T1-P1)+d)+P1;TRUE;0
Tc1t;set3;(T1-d)-(P1+d);FALSE;0
Tc1t;set3;(T1+d)-(T1-P1);FALSE;0
Tc1t;set3;P1+((T1-d)-P1);FALSE;0
Tc1t;set3;(T1+P1)-(T1-d);FALSE;0
Tc1t;set3;(P1+d)-(T1-P1);FALSE;0
Tc1t;set3;P1-(T1-(T1-d));FALSE;0
Tc1t;set3;((T1+P1)-d)-P1;FALSE;0
Tc1t;set3;T1+((T1-P1)+d);FALSE;0
Tc1t;set3;((T1-d)+P1)-T1;FALSE;0
Tc1t;set3;d-((T1-P1)-P1);FALSE;0
Tc1t;set3;P1+(T1-(P1+d));FALSE;0
Tc1t;set3;P1-((T1+d)-T1);FALSE;0
Tc1t;set3;((T1+P1)+P1)+d;FALSE;0
Tc1t;set3;(T1+(P1-d))-P1;FALSE;0
Tc1t;set3;((T1+P1)+d)-P1;FALSE;0
Tc1t;set3;T1-((T1-d)-P1);FALSE;0
Tc1t;set3;(T1+(T1-P1))-d;TRUE;0
Tc1t;set3;((T1-P1)-d)-d;TRUE;0
Tc1t;set3;(T1+d)+(P1-d);FALSE;0
Tc1t;set3;((T1+P1)-T1)-d;FALSE;0
Tc1t;set3;((T1+P1)-d)+d;FALSE;0
Tc1t;set3;((T1+P1)-P1)+d;FALSE;0
Tc1t;set3;((T1-d)-d)+P1;FALSE;0
Tc1t;set3;(T1-(P1-d))-P1;FALSE;0
Tc1t;set3;((T1+d)-P1)-d;FALSE;0
Tc1t;set3;T1-(P1+(P1-d));FALSE;0
Tc1t;set3;(T1-d)+(P1+d);FALSE;0
Tc1t;set3;(T1+P1)+(T1+d);FALSE;0
Tc1t;set3;(T1+(P1+d))+T1;FALSE;0
Tc1t;set3;((T1-P1)+P1)+d;FALSE;0
Tc1t;set3;T1+(T1-(P1-d));FALSE;0
Tc1t;set3;T1+((T1-d)-P1);FALSE;0
Tc1t;set3;(T1+d)-(P1-d);FALSE;0
Tc1t;set3;((T1+P1)+d)-d;FALSE;0
Tc1t;set3;((T1+P1)-d)-d;FALSE;0
Tc1t;set3;(P1+d)+(T1-P1);TRUE;0
Tc1t;set3;(T1+(T1-d))+P1;FALSE;0
Tc1t;set3;(T1+(P1-d))-d;FALSE;0
Tc1t;set3;((T1+P1)+d)+P1;FALSE;0
Tc1t;set3;((T1+d)+d)-P1;FALSE;0
Tc1t;set3;((T1+d)+P1)-d;FALSE;0
Tc1t;set3;((T1-d)+d)-P1;FALSE;0
Tc1t;set3;T1-((T1-P1)-d);TRUE;1
Tc1t;set3;((T1+d)+P1)+P1;FALSE;0
Tc1t;set3;((T1+d)+P1)-T1;FALSE;0
Tc1t;set3;(T1+(P1+d))-P1;FALSE;0
Tc1t;set3;T1+((P1-d)+d);FALSE;0
Tc1t;set3;((T1-d)+P1)+P1;FALSE;0
Tc1t;set3;(T1+P1)+(P1-d);FALSE;0
Tc1t;set3;((T1+d)-P1)+d;FALSE;0
Tc1t;set3;((T1+d)+T1)+P1;FALSE;0
Tc1t;set3;(T1+(P1-d))+T1;FALSE;0
Tc1t;set3;(T1+d)-(P1+d);FALSE;0
Tc1t;set3;(T1-(P1-d))+P1;FALSE;0
Tc1t;set3;(T1+(P1+d))-d;FALSE;0
Tc1t;set3;T1-((P1-d)+d);FALSE;0
Tc1t;set3;(T1-(P1-d))-d;FALSE;0
Tc1t;set3;((T1-d)-P1)+d;FALSE;0
Tc1t;set3;P1+((T1+d)-T1);FALSE;0
Tc1t;set3;P1-((T1-P1)-d);FALSE;0
Tc1t;set3;(T1-(T1-P1))+d;FALSE;0
Tc1t;set3;((T1+d)-P1)-P1;FALSE;0
Tc3t;set0;T1+d;TRUE;3
Tc3t;set0;T1+P1;TRUE;1
Tc3t;set0;P1-d;TRUE;39
Tc3t;set0;T1-P1;TRUE;6
Tc3t;set0;P1+d;TRUE;4
Tc3t;set1;T1+(P1+d);TRUE;0
Tc3t;set1;(T1+d)+P1;FALSE;0
Tc3t;set1;(T1+P1)-d;TRUE;17
Tc3t;set1;T1-(P1-d);TRUE;2
Tc3t;set1;(T1+d)-P1;FALSE;1
Tc3t;set1;(T1-P1)-d;TRUE;8
Tc3t;set1;(T1-P1)+d;TRUE;0
Tc3t;set1;(T1-d)+P1;TRUE;1
Tc3t;set1;T1+(P1-d);TRUE;1
Tc3t;set1;(T1+P1)+d;TRUE;0
Tc3t;set1;(T1-d)-P1;FALSE;0
Tc3t;set1;T1-(P1+d);TRUE;0
Tc3t;set2;T1+(T1-d);TRUE;0
Tc3t;set2;P1+(P1-d);TRUE;0
Tc3t;set2;(T1-d)-d;FALSE;0
Tc3t;set2;(P1-d)+d;TRUE;0
Tc3t;set2;(T1+d)-d;FALSE;1
Tc3t;set2;T1-(T1-d);FALSE;0
Tc3t;set2;(T1+P1)-P1;FALSE;0
Tc3t;set2;(T1+P1)-T1;FALSE;0
Tc3t;set2;(T1+P1)+T1;FALSE;0
Tc3t;set2;(P1-d)-d;FALSE;0
Tc3t;set2;(T1+P1)+P1;FALSE;0
Tc3t;set2;T1-(T1-P1);FALSE;0
Tc3t;set2;(T1-P1)-P1;FALSE;0
Tc3t;set2;(T1-P1)+P1;TRUE;0
Tc3t;set2;(T1+d)+d;FALSE;0
Tc3t;set2;(P1+d)+P1;TRUE;0
Tc3t;set2;(T1+d)-T1;FALSE;0
Tc3t;set2;P1-(P1-d);TRUE;0
Tc3t;set2;(P1+d)-P1;TRUE;0
Tc3t;set2;(T1-d)+d;FALSE;0
Tc3t;set2;(P1+d)+d;FALSE;0
Tc3t;set2;T1+(T1-P1);TRUE;0
Tc3t;set2;(P1+d)-d;FALSE;0
Tc3t;set2;(T1+d)+T1;FALSE;0
Tc3t;set3;(T1+d)+(T1-P1);TRUE;0
Tc3t;set3;((T1-d)+P1)+d;FALSE;0
Tc3t;set3;T1-((P1+d)-d);FALSE;0
Tc3t;set3;T1+((P1+d)-P1);FALSE;0
Tc3t;set3;(T1+P1)-(P1-d);TRUE;0
Tc3t;set3;T1-((P1+d)-P1);FALSE;0
Tc3t;set3;(T1+(T1-P1))+d;TRUE;0
Tc3t;set3;P1-(T1-(P1+d));FALSE;0
Tc3t;set3;(T1-d)+(T1-P1);TRUE;0
Tc3t;set3;T1+((T1+d)-P1);FALSE;0
Tc3t;set3;((T1+P1)+T1)-d;FALSE;0
Tc3t;set3;T1+(P1+(P1-d));FALSE;0
Tc3t;set3;((T1+d)+P1)+d;FALSE;0
Tc3t;set3;T1+((P1+d)+d);FALSE;0
Tc3t;set3;T1-((P1+d)+P1);FALSE;0
Tc3t;set3;(T1+P1)+(T1-d);FALSE;0
Tc3t;set3;T1+((P1+d)-d);FALSE;0
Tc3t;set3;(T1+P1)-(T1+d);FALSE;0
Tc3t;set3;((T1-P1)+d)-d;FALSE;0
Tc3t;set3;((T1-P1)+P1)-d;TRUE;0
Tc3t;set3;P1+(T1-(T1-d));FALSE;0
Tc3t;set3;(T1+P1)+(P1+d);FALSE;0
Tc3t;set3;((T1+P1)+d)+d;FALSE;0
Tc3t;set3;(T1-(P1-d))+d;FALSE;0
Tc3t;set3;(T1+(P1-d))-T1;FALSE;0
Tc3t;set3;P1-((T1-d)-P1);FALSE;0
Tc3t;set3;T1+((P1+d)+P1);FALSE;0
Tc3t;set3;((T1-d)+P1)-P1;FALSE;0
Tc3t;set3;((T1-d)-P1)-d;FALSE;0
Tc3t;set3;T1+(P1-(P1-d));FALSE;0
Tc3t;set3;(T1-d)-(P1-d);FALSE;0
Tc3t;set3;T1+((P1-d)-d);FALSE;0
Tc3t;set3;(T1-P1)-(P1-d);FALSE;1
Tc3t;set3;T1-((P1+d)+d);FALSE;0
Tc3t;set3;((T1+d)+T1)-P1;FALSE;0
Tc3t;set3;((T1+P1)-T1)+d;FALSE;0
Tc3t;set3;(T1+(P1+d))+P1;FALSE;0
Tc3t;set3;(T1+(P1+d))-T1;FALSE;0
Tc3t;set3;T1+(T1-(P1+d));FALSE;0
Tc3t;set3;P1+((T1-P1)-d);FALSE;5
Tc3t;set3;((T1-P1)+d)-P1;FALSE;0
Tc3t;set3;((T1+P1)+T1)+d;FALSE;0
Tc3t;set3;((T1+d)+d)+P1;FALSE;0
Tc3t;set3;(T1-(P1+d))+d;FALSE;0
Tc3t;set3;((T1+d)-d)+P1;FALSE;0
Tc3t;set3;((T1-d)+P1)-d;FALSE;0
Tc3t;set3;(T1+P1)-(P1+d);TRUE;0
Tc3t;set3;((T1+P1)+P1)-d;FALSE;0
Tc3t;set3;T1+((T1-P1)-d);TRUE;0
Tc3t;set3;(T1+(P1+d))+d;FALSE;0
Tc3t;set3;((T1-d)-d)-P1;FALSE;0
Tc3t;set3;((T1+P1)-P1)-d;FALSE;0
Tc3t;set3;T1-((T1-P1)+d);TRUE;0
Tc3t;set3;T1-(T1-(P1+d));FALSE;0
Tc3t;set3;d+((T1-P1)-P1);FALSE;0
Tc3t;set3;((T1+P1)+d)+T1;FALSE;0
Tc3t;set3;((T1+P1)-d)+T1;FALSE;0
Tc3t;set3;(T1+(P1-d))+P1;FALSE;0
Tc3t;set3;(T1+(T1-d))-P1;FALSE;0
Tc3t;set3;((T1+d)+P1)-P1;FALSE;0
Tc3t;set3;T1-((P1-d)-d);FALSE;0
Tc3t;set3;((T1+d)-P1)+P1;FALSE;0
Tc3t;set3;((T1-d)+P1)+T1;FALSE;0
Tc3t;set3;((T1+P1)-d)+P1;FALSE;0
Tc3t;set3;((T1+P1)+d)-T1;FALSE;0
Tc3t;set3;(T1-d)+(P1-d);TRUE;0
Tc3t;set3;((T1-P1)+d)+d;FALSE;0
Tc3t;set3;(T1-(T1-P1))-d;FALSE;0
Tc3t;set3;(T1-d)-(T1-P1);FALSE;0
Tc3t;set3;((T1-P1)-d)+d;TRUE;0
Tc3t;set3;T1-((T1+d)-P1);FALSE;0
Tc3t;set3;(T1+(P1-d))+d;FALSE;0
Tc3t;set3;((T1+P1)-d)-T1;FALSE;0
Tc3t;set3;(T1-P1)+(P1+d);FALSE;0
Tc3t;set3;T1-(T1-(P1-d));FALSE;0
Tc3t;set3;T1-(P1-(P1-d));TRUE;0
Tc3t;set3;((T1-d)+d)+P1;FALSE;0
Tc3t;set3;((T1+d)+P1)+T1;FALSE;0
Tc3t;set3;(T1-(P1+d))-d;FALSE;0
Tc3t;set3;((T1+d)-d)-P1;FALSE;0
Tc3t;set3;(T1+d)+(P1+d);FALSE;0
Tc3t;set3;((T1-P1)+d)+P1;TRUE;0
Tc3t;set3;(T1-d)-(P1+d);FALSE;0
Tc3t;set3;(T1+d)-(T1-P1);FALSE;0
Tc3t;set3;P1+((T1-d)-P1);FALSE;0
Tc3t;set3;(T1+P1)-(T1-d);FALSE;0
Tc3t;set3;(P1+d)-(T1-P1);FALSE;0
Tc3t;set3;P1-(T1-(T1-d));FALSE;0
Tc3t;set3;((T1+P1)-d)-P1;FALSE;0
Tc3t;set3;T1+((T1-P1)+d);FALSE;0
Tc3t;set3;((T1-d)+P1)-T1;FALSE;0
Tc3t;set3;d-((T1-P1)-P1);FALSE;0
Tc3t;set3;P1+(T1-(P1+d));FALSE;0
Tc3t;set3;P1-((T1+d)-T1);FALSE;0
Tc3t;set3;((T1+P1)+P1)+d;FALSE;0
Tc3t;set3;(T1+(P1-d))-P1;FALSE;0
Tc3t;set3;((T1+P1)+d)-P1;FALSE;0
Tc3t;set3;T1-((T1-d)-P1);FALSE;0
Tc3t;set3;(T1+(T1-P1))-d;TRUE;0
Tc3t;set3;((T1-P1)-d)-d;TRUE;0
Tc3t;set3;(T1+d)+(P1-d);FALSE;0
Tc3t;set3;((T1+P1)-T1)-d;FALSE;0
Tc3t;set3;((T1+P1)-d)+d;FALSE;0
Tc3t;set3;((T1+P1)-P1)+d;FALSE;0
Tc3t;set3;((T1-d)-d)+P1;FALSE;0
Tc3t;set3;(T1-(P1-d))-P1;FALSE;0
Tc3t;set3;((T1+d)-P1)-d;FALSE;0
Tc3t;set3;T1-(P1+(P1-d));FALSE;0
Tc3t;set3;(T1-d)+(P1+d);FALSE;0
Tc3t;set3;(T1+P1)+(T1+d);FALSE;0
Tc3t;set3;(T1+(P1+d))+T1;FALSE;0
Tc3t;set3;((T1-P1)+P1)+d;FALSE;0
Tc3t;set3;T1+(T1-(P1-d));FALSE;0
Tc3t;set3;T1+((T1-d)-P1);FALSE;0
Tc3t;set3;(T1-P1)-(P1+d);FALSE;0
Tc3t;set3;(T1+d)-(P1-d);FALSE;0
Tc3t;set3;((T1+P1)+d)-d;FALSE;0
Tc3t;set3;((T1+P1)-d)-d;FALSE;0
Tc3t;set3;(P1+d)+(T1-P1);FALSE;0
Tc3t;set3;(T1+(T1-d))+P1;FALSE;0
Tc3t;set3;(T1+(P1-d))-d;FALSE;0
Tc3t;set3;((T1+P1)+d)+P1;FALSE;0
Tc3t;set3;((T1+d)+d)-P1;FALSE;0
Tc3t;set3;((T1+d)+P1)-d;FALSE;0
Tc3t;set3;((T1-d)+d)-P1;FALSE;0
Tc3t;set3;T1-((T1-P1)-d);TRUE;0
Tc3t;set3;((T1+d)+P1)+P1;FALSE;0
Tc3t;set3;((T1+d)+P1)-T1;FALSE;0
Tc3t;set3;(T1+(P1+d))-P1;FALSE;0
Tc3t;set3;T1+((P1-d)+d);FALSE;0
Tc3t;set3;((T1-d)+P1)+P1;FALSE;0
Tc3t;set3;(T1+P1)+(P1-d);FALSE;0
Tc3t;set3;((T1+d)-P1)+d;FALSE;0
Tc3t;set3;((T1+d)+T1)+P1;FALSE;0
Tc3t;set3;(T1+(P1-d))+T1;FALSE;0
Tc3t;set3;(T1+d)-(P1+d);FALSE;0
Tc3t;set3;(T1-(P1-d))+P1;FALSE;0
Tc3t;set3;(T1+(P1+d))-d;FALSE;0
Tc3t;set3;T1-((P1-d)+d);FALSE;0
Tc3t;set3;(T1-(P1-d))-d;FALSE;0
Tc3t;set3;((T1-d)-P1)+d;FALSE;0
Tc3t;set3;P1+((T1+d)-T1);FALSE;0
Tc3t;set3;P1-((T1-P1)-d);FALSE;0
Tc3t;set3;(T1-(T1-P1))+d;FALSE;0
Tc3t;set3;((T1+d)-P1)-P1;FALSE;0
Cc3t;set0;T1+d;TRUE;0
Cc3t;set0;T1+P1;FALSE;2
Cc3t;set0;P1-d;TRUE;6
Cc3t;set0;T1-P1;FALSE;5
Cc3t;set0;P1+d;TRUE;2
Cc3t;set1;T1+(P1+d);TRUE;0
Cc3t;set1;(T1+d)+P1;FALSE;0
Cc3t;set1;(T1+P1)-d;TRUE;4
Cc3t;set1;T1-(P1-d);TRUE;1
Cc3t;set1;(T1+d)-P1;FALSE;0
Cc3t;set1;(T1-P1)-d;FALSE;0
Cc3t;set1;(T1-P1)+d;TRUE;5
Cc3t;set1;(T1-d)+P1;FALSE;0
Cc3t;set1;T1+(P1-d);TRUE;6
Cc3t;set1;(T1+P1)+d;FALSE;0
Cc3t;set1;(T1-d)-P1;FALSE;1
Cc3t;set1;T1-(P1+d);FALSE;0
Cc3t;set2;T1+(T1-d);TRUE;0
Cc3t;set2;P1+(P1-d);FALSE;6
Cc3t;set2;(T1-d)-d;FALSE;0
Cc3t;set2;(P1-d)+d;FALSE;0
Cc3t;set2;(T1+d)-d;FALSE;0
Cc3t;set2;T1-(T1-d);FALSE;0
Cc3t;set2;(T1+P1)-P1;FALSE;0
Cc3t;set2;(T1+P1)-T1;FALSE;0
Cc3t;set2;(T1+P1)+T1;FALSE;0
Cc3t;set2;(P1-d)-d;FALSE;0
Cc3t;set2;(T1+P1)+P1;FALSE;0
Cc3t;set2;T1-(T1-P1);FALSE;0
Cc3t;set2;(T1-P1)-P1;FALSE;1
Cc3t;set2;(T1-P1)+P1;FALSE;0
Cc3t;set2;(T1+d)+d;FALSE;0
Cc3t;set2;(P1+d)+P1;FALSE;0
Cc3t;set2;(T1+d)-T1;FALSE;0
Cc3t;set2;P1-(P1-d);FALSE;0
Cc3t;set2;(P1+d)-P1;FALSE;0
Cc3t;set2;(T1-d)+d;FALSE;0
Cc3t;set2;(P1+d)+d;FALSE;0
Cc3t;set2;T1+(T1-P1);FALSE;0
Cc3t;set2;(P1+d)-d;FALSE;0
Cc3t;set2;(T1+d)+T1;FALSE;0
Cc3t;set3;(T1+d)+(T1-P1);TRUE;0
Cc3t;set3;((T1-d)+P1)+d;FALSE;0
Cc3t;set3;T1-((P1+d)-d);FALSE;0
Cc3t;set3;T1+((P1+d)-P1);FALSE;0
Cc3t;set3;(T1+P1)-(P1-d);TRUE;0
Cc3t;set3;T1-((P1+d)-P1);FALSE;0
Cc3t;set3;(T1+(T1-P1))+d;FALSE;0
Cc3t;set3;((T1+P1)-d)-d;FALSE;0
Cc3t;set3;(T1-d)+(T1-P1);TRUE;3
Cc3t;set3;T1+((T1+d)-P1);FALSE;0
Cc3t;set3;((T1-d)-P1)+P1;FALSE;0
Cc3t;set3;((T1+P1)+T1)-d;FALSE;0
Cc3t;set3;T1+(P1+(P1-d));FALSE;0
Cc3t;set3;((T1+d)+P1)+d;FALSE;0
Cc3t;set3;T1+((P1+d)+d);FALSE;0
Cc3t;set3;T1-((P1+d)+P1);FALSE;0
Cc3t;set3;(T1+P1)+(T1-d);FALSE;0
Cc3t;set3;T1+((P1+d)-d);FALSE;0
Cc3t;set3;(T1+P1)-(T1+d);FALSE;0
Cc3t;set3;((T1-P1)+d)-d;FALSE;0
Cc3t;set3;(T1-(P1+d))+P1;FALSE;0
Cc3t;set3;((T1-P1)+P1)-d;FALSE;0
Cc3t;set3;P1+(T1-(T1-d));FALSE;0
Cc3t;set3;(T1+P1)+(P1+d);FALSE;0
Cc3t;set3;((T1+P1)+d)+d;FALSE;0
Cc3t;set3;(T1-(P1-d))+d;FALSE;0
Cc3t;set3;(T1+(P1-d))-T1;FALSE;0
Cc3t;set3;T1+((P1+d)+P1);FALSE;0
Cc3t;set3;((T1+d)+d)-P1;FALSE;0
Cc3t;set3;((T1-d)+P1)-P1;FALSE;0
Cc3t;set3;((T1-d)-P1)-d;FALSE;0
Cc3t;set3;T1+(P1-(P1-d));FALSE;0
Cc3t;set3;(T1-d)-(P1-d);FALSE;0
Cc3t;set3;T1+((P1-d)-d);FALSE;0
Cc3t;set3;(T1-P1)-(P1-d);FALSE;0
Cc3t;set3;((T1-P1)-d)-P1;FALSE;0
Cc3t;set3;T1-((P1+d)+d);FALSE;0
Cc3t;set3;((T1+d)+T1)-P1;FALSE;0
Cc3t;set3;((T1+P1)-T1)+d;FALSE;0
Cc3t;set3;(T1+(P1+d))+P1;FALSE;0
Cc3t;set3;(T1+(P1+d))-T1;FALSE;0
Cc3t;set3;T1+(T1-(P1+d));FALSE;0
Cc3t;set3;((T1-P1)+d)-P1;FALSE;0
Cc3t;set3;((T1+P1)+T1)+d;FALSE;0
Cc3t;set3;((T1+d)+d)+P1;FALSE;0
Cc3t;set3;(T1-(P1+d))+d;FALSE;0
Cc3t;set3;((T1+d)-d)+P1;FALSE;0
Cc3t;set3;((T1-d)+P1)-d;FALSE;0
Cc3t;set3;(T1+P1)-(P1+d);FALSE;0
Cc3t;set3;((T1+P1)+P1)-d;FALSE;0
Cc3t;set3;T1+((T1-P1)-d);FALSE;0
Cc3t;set3;(T1+(P1+d))+d;FALSE;0
Cc3t;set3;((T1-d)-d)-P1;FALSE;0
Cc3t;set3;((T1+P1)-P1)-d;FALSE;0
Cc3t;set3;(T1-(P1+d))-P1;FALSE;0
Cc3t;set3;T1-((T1-P1)+d);FALSE;0
Cc3t;set3;T1-(T1-(P1+d));FALSE;0
Cc3t;set3;((T1+P1)+d)+T1;FALSE;0
Cc3t;set3;((T1+P1)-d)+T1;FALSE;0
Cc3t;set3;(T1+(P1-d))+P1;FALSE;0
Cc3t;set3;(T1+(T1-d))-P1;FALSE;0
Cc3t;set3;((T1+d)+P1)-P1;FALSE;0
Cc3t;set3;T1-((P1-d)-d);FALSE;0
Cc3t;set3;((T1+d)-P1)+P1;FALSE;0
Cc3t;set3;((T1-d)+P1)+T1;FALSE;0
Cc3t;set3;((T1+P1)-d)+P1;FALSE;0
Cc3t;set3;((T1+P1)+d)-T1;FALSE;0
Cc3t;set3;(T1-d)+(P1-d);FALSE;0
Cc3t;set3;((T1-P1)+d)+d;FALSE;0
Cc3t;set3;(T1-(T1-P1))-d;FALSE;0
Cc3t;set3;(T1-d)-(T1-P1);FALSE;1
Cc3t;set3;((T1-P1)-d)+d;FALSE;0
Cc3t;set3;T1-((T1+d)-P1);FALSE;0
Cc3t;set3;(T1+(P1-d))+d;FALSE;0
Cc3t;set3;((T1+P1)-d)-T1;FALSE;0
Cc3t;set3;(T1-P1)+(P1+d);TRUE;0
Cc3t;set3;T1-(T1-(P1-d));FALSE;0
Cc3t;set3;((T1-P1)-P1)-d;FALSE;0
Cc3t;set3;T1-(P1-(P1-d));FALSE;0
Cc3t;set3;((T1-d)+d)+P1;FALSE;0
Cc3t;set3;((T1+d)+P1)+T1;FALSE;0
Cc3t;set3;(T1-(P1+d))-d;FALSE;0
Cc3t;set3;((T1-d)-P1)-P1;FALSE;0
Cc3t;set3;((T1+d)-d)-P1;FALSE;0
Cc3t;set3;(T1+d)+(P1+d);FALSE;0
Cc3t;set3;((T1-P1)+d)+P1;FALSE;0
Cc3t;set3;(T1-d)-(P1+d);FALSE;0
Cc3t;set3;(T1+d)-(T1-P1);FALSE;0
Cc3t;set3;(T1+P1)-(T1-d);FALSE;0
Cc3t;set3;(T1+P1)+(P1-d);FALSE;0
Cc3t;set3;P1-(T1-(T1-d));FALSE;0
Cc3t;set3;((T1+P1)-d)-P1;FALSE;0
Cc3t;set3;T1+((T1-P1)+d);FALSE;0
Cc3t;set3;((T1-d)+P1)-T1;FALSE;0
Cc3t;set3;((T1+d)-P1)-d;FALSE;0
Cc3t;set3;P1-((T1+d)-T1);FALSE;0
Cc3t;set3;((T1+P1)+P1)+d;FALSE;0
Cc3t;set3;(T1+(P1-d))-P1;FALSE;0
Cc3t;set3;((T1+P1)+d)-P1;FALSE;0
Cc3t;set3;T1-((T1-d)-P1);FALSE;0
Cc3t;set3;(T1+(T1-P1))-d;TRUE;0
Cc3t;set3;((T1-P1)-d)-d;FALSE;0
Cc3t;set3;(T1+d)+(P1-d);FALSE;0
Cc3t;set3;((T1+P1)-T1)-d;FALSE;0
Cc3t;set3;((T1+P1)-d)+d;FALSE;0
Cc3t;set3;((T1+P1)-P1)+d;FALSE;0
Cc3t;set3;((T1-d)-d)+P1;FALSE;0
Cc3t;set3;(T1-(P1-d))-P1;FALSE;0
Cc3t;set3;((T1+P1)+d)-d;FALSE;0
Cc3t;set3;T1-(P1+(P1-d));FALSE;0
Cc3t;set3;(T1-d)+(P1+d);FALSE;0
Cc3t;set3;(T1+P1)+(T1+d);FALSE;0
Cc3t;set3;(T1+(P1+d))+T1;FALSE;0
Cc3t;set3;((T1-P1)+P1)+d;FALSE;0
Cc3t;set3;T1+(T1-(P1-d));FALSE;0
Cc3t;set3;T1+((T1-d)-P1);FALSE;0
Cc3t;set3;(T1-P1)-(P1+d);FALSE;0
Cc3t;set3;(T1+d)-(P1-d);FALSE;0
Cc3t;set3;((T1+d)+P1)-d;FALSE;0
Cc3t;set3;(T1+(T1-d))+P1;FALSE;0
Cc3t;set3;(T1+(P1-d))-d;FALSE;0
Cc3t;set3;((T1+P1)+d)+P1;FALSE;0
Cc3t;set3;((T1-P1)-P1)+d;FALSE;0
Cc3t;set3;((T1-d)+d)-P1;FALSE;0
Cc3t;set3;T1-((T1-P1)-d);FALSE;0
Cc3t;set3;((T1+d)+P1)+P1;FALSE;0
Cc3t;set3;((T1-P1)-d)+P1;FALSE;0
Cc3t;set3;((T1+d)+P1)-T1;FALSE;0
Cc3t;set3;(T1+(P1+d))-P1;FALSE;0
Cc3t;set3;T1+((P1-d)+d);FALSE;0
Cc3t;set3;((T1-d)+P1)+P1;FALSE;0
Cc3t;set3;((T1+d)-P1)+d;FALSE;0
Cc3t;set3;((T1+d)+T1)+P1;FALSE;0
Cc3t;set3;(T1+(P1-d))+T1;FALSE;0
Cc3t;set3;(T1+d)-(P1+d);FALSE;0
Cc3t;set3;(T1-(P1-d))+P1;FALSE;0
Cc3t;set3;(T1+(P1+d))-d;FALSE;0
Cc3t;set3;T1-((P1-d)+d);FALSE;0
Cc3t;set3;(T1-(P1-d))-d;FALSE;0
Cc3t;set3;((T1-d)-P1)+d;FALSE;0
Cc3t;set3;P1+((T1+d)-T1);FALSE;0
Cc3t;set3;(T1-(T1-P1))+d;FALSE;0
Cc3t;set3;((T1+d)-P1)-P1;FALSE;0
Cc1t;set0;T1+d;TRUE;1
Cc1t;set0;T1+P1;FALSE;0
Cc1t;set0;P1-d;TRUE;5
Cc1t;set0;T1-P1;FALSE;3
Cc1t;set0;P1+d;TRUE;1
Cc1t;set1;T1+(P1+d);TRUE;0
Cc1t;set1;(T1+d)+P1;FALSE;0
Cc1t;set1;(T1+P1)-d;TRUE;1
Cc1t;set1;T1-(P1-d);TRUE;3
Cc1t;set1;(T1+d)-P1;FALSE;0
Cc1t;set1;(T1-P1)-d;FALSE;2
Cc1t;set1;(T1-P1)+d;TRUE;19
Cc1t;set1;(T1-d)+P1;FALSE;0
Cc1t;set1;T1+(P1-d);TRUE;2
Cc1t;set1;(T1+P1)+d;FALSE;0
Cc1t;set1;(T1-d)-P1;FALSE;0
Cc1t;set1;T1-(P1+d);FALSE;0
Cc1t;set2;T1+(T1-d);TRUE;0
Cc1t;set2;d-(P1-d);FALSE;0
Cc1t;set2;P1+(P1-d);FALSE;9
Cc1t;set2;(T1-d)-d;FALSE;1
Cc1t;set2;(T1+d)-d;FALSE;1
Cc1t;set2;T1-(T1-d);FALSE;0
Cc1t;set2;(T1+P1)-P1;FALSE;0
Cc1t;set2;(T1+P1)-T1;FALSE;0
Cc1t;set2;(T1+P1)+T1;FALSE;0
Cc1t;set2;(T1+P1)+P1;FALSE;0
Cc1t;set2;T1-(T1-P1);FALSE;0
Cc1t;set2;(T1-P1)-P1;FALSE;0
Cc1t;set2;(T1-P1)+P1;FALSE;0
Cc1t;set2;(T1+d)+d;FALSE;0
Cc1t;set2;(P1+d)+P1;FALSE;0
Cc1t;set2;(T1+d)-T1;FALSE;0
Cc1t;set2;P1-(P1-d);FALSE;0
Cc1t;set2;(P1+d)-P1;FALSE;0
Cc1t;set2;(T1-d)+d;FALSE;0
Cc1t;set2;(P1+d)+d;FALSE;1
Cc1t;set2;d+(P1-d);FALSE;0
Cc1t;set2;T1+(T1-P1);FALSE;0
Cc1t;set2;(P1+d)-d;FALSE;0
Cc1t;set2;(T1+d)+T1;FALSE;0
Cc1t;set3;(T1+d)+(T1-P1);TRUE;0
Cc1t;set3;((T1-d)+P1)+d;FALSE;0
Cc1t;set3;T1-((P1+d)-d);FALSE;0
Cc1t;set3;T1+((P1+d)-P1);FALSE;0
Cc1t;set3;(T1+P1)-(P1-d);TRUE;0
Cc1t;set3;T1-((P1+d)-P1);TRUE;0
Cc1t;set3;(T1+(T1-P1))+d;FALSE;0
Cc1t;set3;P1-(T1-(P1+d));FALSE;0
Cc1t;set3;(T1-d)+(T1-P1);TRUE;0
Cc1t;set3;T1+((T1+d)-P1);FALSE;0
Cc1t;set3;((T1+P1)+T1)-d;FALSE;0
Cc1t;set3;T1+(P1+(P1-d));FALSE;0
Cc1t;set3;((T1+d)+P1)+d;FALSE;0
Cc1t;set3;T1+((P1+d)+d);FALSE;0
Cc1t;set3;(T1+P1)+(T1-d);FALSE;0
Cc1t;set3;(T1+(T1-d))+P1;FALSE;0
Cc1t;set3;T1+((P1+d)-d);FALSE;0
Cc1t;set3;(T1+P1)-(T1+d);FALSE;0
Cc1t;set3;((T1-P1)+d)-d;FALSE;0
Cc1t;set3;((T1-P1)+P1)-d;FALSE;0
Cc1t;set3;P1+(T1-(T1-d));FALSE;0
Cc1t;set3;(T1+P1)+(P1+d);FALSE;0
Cc1t;set3;((T1+P1)+d)+d;FALSE;0
Cc1t;set3;((T1+P1)-d)+T1;FALSE;0
Cc1t;set3;(T1-(P1-d))+d;FALSE;0
Cc1t;set3;(T1+(P1-d))-T1;FALSE;0
Cc1t;set3;T1-(d+(P1-d));FALSE;0
Cc1t;set3;P1-((T1-d)-P1);FALSE;0
Cc1t;set3;((T1-d)+P1)-P1;FALSE;0
Cc1t;set3;((T1-d)-P1)-d;FALSE;0
Cc1t;set3;((P1+d)+P1)+T1;FALSE;0
Cc1t;set3;T1+(P1-(P1-d));FALSE;0
Cc1t;set3;(T1-d)-(P1-d);FALSE;0
Cc1t;set3;(T1-P1)-(P1-d);FALSE;1
Cc1t;set3;T1-((P1+d)+d);FALSE;0
Cc1t;set3;((T1+d)+T1)-P1;FALSE;0
Cc1t;set3;(T1+(P1+d))+P1;FALSE;0
Cc1t;set3;(T1+(P1+d))-T1;FALSE;0
Cc1t;set3;T1+(T1-(P1+d));FALSE;0
Cc1t;set3;P1+((T1-P1)-d);FALSE;0
Cc1t;set3;((T1-P1)+d)-P1;FALSE;0
Cc1t;set3;((T1+P1)+T1)+d;FALSE;0
Cc1t;set3;((T1+d)+d)+P1;FALSE;0
Cc1t;set3;(T1-(P1+d))+d;FALSE;0
Cc1t;set3;((T1+d)-d)+P1;FALSE;0
Cc1t;set3;((T1-d)+P1)-d;FALSE;0
Cc1t;set3;(T1+P1)-(P1+d);FALSE;0
Cc1t;set3;((T1+P1)+P1)-d;FALSE;0
Cc1t;set3;T1+((T1-P1)-d);FALSE;0
Cc1t;set3;(T1+(P1+d))+d;FALSE;0
Cc1t;set3;((T1-d)-d)-P1;FALSE;0
Cc1t;set3;((T1+P1)-P1)-d;FALSE;0
Cc1t;set3;T1+(d+(P1-d));FALSE;0
Cc1t;set3;T1-((T1-P1)+d);FALSE;0
Cc1t;set3;T1-(T1-(P1+d));FALSE;0
Cc1t;set3;d+((T1-P1)-P1);FALSE;0
Cc1t;set3;((T1+d)+P1)+T1;FALSE;0
Cc1t;set3;(T1+d)+(P1+d);FALSE;0
Cc1t;set3;(T1+(T1-d))-P1;FALSE;0
Cc1t;set3;((T1+d)+P1)-P1;FALSE;0
Cc1t;set3;((T1+d)-P1)+P1;FALSE;0
Cc1t;set3;((T1-d)+P1)+T1;FALSE;0
Cc1t;set3;((T1+P1)-d)+P1;FALSE;0
Cc1t;set3;((T1+P1)+d)-T1;FALSE;0
Cc1t;set3;(T1-d)+(P1-d);FALSE;0
Cc1t;set3;((T1-P1)+d)+d;FALSE;0
Cc1t;set3;(T1-(T1-P1))-d;FALSE;0
Cc1t;set3;(T1-d)-(T1-P1);FALSE;0
Cc1t;set3;((T1-P1)-d)+d;FALSE;0
Cc1t;set3;T1-((T1+d)-P1);FALSE;0
Cc1t;set3;T1-(d-(P1-d));FALSE;0
Cc1t;set3;(T1+(P1-d))+d;FALSE;0
Cc1t;set3;((T1+P1)-d)-T1;FALSE;0
Cc1t;set3;((T1+P1)-T1)+d;FALSE;0
Cc1t;set3;T1-(T1-(P1-d));TRUE;0
Cc1t;set3;T1-(P1-(P1-d));TRUE;0
Cc1t;set3;((T1-d)+d)+P1;FALSE;0
Cc1t;set3;((T1-P1)+d)+P1;FALSE;0
Cc1t;set3;((P1+d)+P1)-T1;FALSE;0
Cc1t;set3;((T1+d)-d)-P1;FALSE;0
Cc1t;set3;(T1+(P1-d))+P1;FALSE;0
Cc1t;set3;(T1-(P1+d))-d;FALSE;0
Cc1t;set3;(T1-d)-(P1+d);FALSE;0
Cc1t;set3;(T1+d)-(T1-P1);FALSE;0
Cc1t;set3;P1+((T1-d)-P1);FALSE;0
Cc1t;set3;(T1+P1)-(T1-d);FALSE;0
Cc1t;set3;(P1+d)-(T1-P1);FALSE;0
Cc1t;set3;P1-(T1-(T1-d));FALSE;0
Cc1t;set3;((T1+P1)-d)-P1;FALSE;0
Cc1t;set3;T1+((T1-P1)+d);FALSE;0
Cc1t;set3;((T1-d)+P1)-T1;FALSE;0
Cc1t;set3;d-((T1-P1)-P1);FALSE;0
Cc1t;set3;P1+(T1-(P1+d));FALSE;0
Cc1t;set3;P1-((T1+d)-T1);FALSE;0
Cc1t;set3;((T1+P1)+P1)+d;FALSE;0
Cc1t;set3;(T1+(P1-d))-P1;FALSE;0
Cc1t;set3;((T1+P1)+d)-P1;FALSE;0
Cc1t;set3;T1-((T1-d)-P1);FALSE;0
Cc1t;set3;(T1+(T1-P1))-d;TRUE;0
Cc1t;set3;((T1-P1)-d)-d;FALSE;0
Cc1t;set3;((T1+P1)-T1)-d;FALSE;0
Cc1t;set3;((T1+P1)-d)+d;FALSE;0
Cc1t;set3;((T1+P1)-P1)+d;FALSE;0
Cc1t;set3;((T1-d)-d)+P1;FALSE;0
Cc1t;set3;(T1-(P1-d))-P1;FALSE;0
Cc1t;set3;((T1+d)-P1)-d;FALSE;0
Cc1t;set3;T1-(P1+(P1-d));FALSE;0
Cc1t;set3;(T1-d)+(P1+d);FALSE;0
Cc1t;set3;(T1+P1)+(T1+d);FALSE;0
Cc1t;set3;(T1+(P1+d))+T1;FALSE;0
Cc1t;set3;((T1-P1)+P1)+d;FALSE;0
Cc1t;set3;T1+(T1-(P1-d));FALSE;0
Cc1t;set3;T1+((T1-d)-P1);FALSE;0
Cc1t;set3;(T1+d)-(P1-d);FALSE;0
Cc1t;set3;((T1+P1)+d)-d;FALSE;0
Cc1t;set3;((T1+P1)-d)-d;FALSE;0
Cc1t;set3;(P1+d)+(T1-P1);TRUE;0
Cc1t;set3;((T1+P1)+d)+T1;FALSE;0
Cc1t;set3;(T1+(P1-d))-d;FALSE;0
Cc1t;set3;((T1+P1)+d)+P1;FALSE;0
Cc1t;set3;((T1+d)+d)-P1;FALSE;0
Cc1t;set3;((T1+d)+P1)-d;FALSE;0
Cc1t;set3;((T1-d)+d)-P1;FALSE;0
Cc1t;set3;T1-((T1-P1)-d);FALSE;0
Cc1t;set3;((T1+d)+P1)+P1;FALSE;0
Cc1t;set3;((T1+d)+P1)-T1;FALSE;0
Cc1t;set3;(T1+(P1+d))-P1;FALSE;0
Cc1t;set3;(T1+d)+(P1-d);FALSE;0
Cc1t;set3;((T1-d)+P1)+P1;FALSE;0
Cc1t;set3;(T1+P1)+(P1-d);FALSE;0
Cc1t;set3;T1+(d-(P1-d));FALSE;0
Cc1t;set3;((T1+d)-P1)+d;FALSE;0
Cc1t;set3;((T1+d)+T1)+P1;FALSE;0
Cc1t;set3;(T1+(P1-d))+T1;FALSE;0
Cc1t;set3;(T1+d)-(P1+d);FALSE;0
Cc1t;set3;(T1-(P1-d))+P1;FALSE;0
Cc1t;set3;(T1+(P1+d))-d;FALSE;0
Cc1t;set3;(T1-(P1-d))-d;FALSE;0
Cc1t;set3;((T1-d)-P1)+d;FALSE;0
Cc1t;set3;P1+((T1+d)-T1);FALSE;0
Cc1t;set3;P1-((T1-P1)-d);FALSE;0
Cc1t;set3;(T1-(T1-P1))+d;FALSE;0
Cc1t;set3;((T1+d)-P1)-P1;FALSE;0
Tc3p;set0;T1+d;TRUE;4
Tc3p;set0;T1+P1;FALSE;3
Tc3p;set0;T1-P1;TRUE;4
Tc3p;set0;P1+d;TRUE;8
Tc3p;set0;T1-d;TRUE;96
Tc3p;set1;T1+(P1+d);FALSE;0
Tc3p;set1;(T1+d)+P1;FALSE;0
Tc3p;set1;(T1+P1)-d;FALSE;33
Tc3p;set1;T1-(P1-d);TRUE;0
Tc3p;set1;(T1+d)-P1;TRUE;0
Tc3p;set1;(T1-P1)-d;TRUE;7
Tc3p;set1;(T1-P1)+d;TRUE;3
Tc3p;set1;(T1-d)+P1;FALSE;1
Tc3p;set1;T1+(P1-d);FALSE;0
Tc3p;set1;(T1+P1)+d;FALSE;1
Tc3p;set1;(T1-d)-P1;TRUE;15
Tc3p;set1;T1-(P1+d);FALSE;0
Tc3p;set2;T1+(T1-d);FALSE;0
Tc3p;set2;P1+(P1-d);FALSE;0
Tc3p;set2;(T1-d)-d;TRUE;0
Tc3p;set2;(P1-d)+d;FALSE;0
Tc3p;set2;(T1+d)-d;FALSE;5
Tc3p;set2;T1-(T1-d);TRUE;0
Tc3p;set2;(T1+P1)-P1;FALSE;0
Tc3p;set2;(T1+P1)-T1;TRUE;0
Tc3p;set2;(T1+P1)+T1;FALSE;0
Tc3p;set2;(P1-d)-d;FALSE;0
Tc3p;set2;(T1+P1)+P1;FALSE;0
Tc3p;set2;T1-(T1-P1);TRUE;1
Tc3p;set2;(T1-P1)-P1;TRUE;0
Tc3p;set2;(T1-P1)+P1;FALSE;0
Tc3p;set2;(T1+d)+d;FALSE;0
Tc3p;set2;(P1+d)+P1;FALSE;0
Tc3p;set2;(T1+d)-T1;TRUE;0
Tc3p;set2;P1-(P1-d);TRUE;1
Tc3p;set2;(P1+d)-P1;FALSE;0
Tc3p;set2;(T1-d)+d;FALSE;0
Tc3p;set2;(P1+d)+d;FALSE;0
Tc3p;set2;T1+(T1-P1);FALSE;0
Tc3p;set2;(P1+d)-d;FALSE;2
Tc3p;set2;(T1+d)+T1;FALSE;0
Tc3p;set3;(T1+d)+(T1-P1);FALSE;0
Tc3p;set3;((T1-d)+P1)+d;FALSE;0
Tc3p;set3;T1-((P1+d)-d);FALSE;0
Tc3p;set3;T1+((P1+d)-P1);FALSE;0
Tc3p;set3;(T1+P1)-(P1-d);FALSE;0
Tc3p;set3;T1-((P1+d)-P1);FALSE;0
Tc3p;set3;(T1+(T1-P1))+d;FALSE;0
Tc3p;set3;P1-(T1-(P1+d));FALSE;0
Tc3p;set3;(T1-d)+(T1-P1);FALSE;0
Tc3p;set3;T1+((T1+d)-P1);FALSE;0
Tc3p;set3;((T1+P1)+T1)-d;FALSE;0
Tc3p;set3;T1+(P1+(P1-d));FALSE;0
Tc3p;set3;((T1+d)+P1)+d;FALSE;0
Tc3p;set3;T1+((P1+d)+d);FALSE;0
Tc3p;set3;(T1+P1)+(T1-d);FALSE;0
Tc3p;set3;(T1+d)+(P1+d);FALSE;0
Tc3p;set3;T1+((P1+d)-d);FALSE;0
Tc3p;set3;(T1+P1)-(T1+d);FALSE;0
Tc3p;set3;((T1-P1)+d)-d;FALSE;0
Tc3p;set3;((T1-P1)+P1)-d;FALSE;0
Tc3p;set3;P1+(T1-(T1-d));FALSE;0
Tc3p;set3;(T1+P1)+(P1+d);FALSE;0
Tc3p;set3;((T1+P1)+d)+d;FALSE;0
Tc3p;set3;(T1-(P1-d))+d;FALSE;0
Tc3p;set3;(T1+(P1-d))-T1;FALSE;0
Tc3p;set3;P1-((T1-d)-P1);FALSE;0
Tc3p;set3;((T1-d)+P1)-P1;FALSE;0
Tc3p;set3;((T1-d)-P1)-d;FALSE;0
Tc3p;set3;((P1+d)+P1)+T1;FALSE;0
Tc3p;set3;T1+(P1-(P1-d));FALSE;0
Tc3p;set3;(T1-d)-(P1-d);TRUE;0
Tc3p;set3;(T1-P1)-(P1-d);TRUE;0
Tc3p;set3;T1-((P1+d)+d);FALSE;0
Tc3p;set3;((T1+d)+T1)-P1;FALSE;0
Tc3p;set3;(T1+(P1+d))+P1;FALSE;0
Tc3p;set3;(T1+(P1+d))-T1;FALSE;0
Tc3p;set3;T1+(T1-(P1+d));FALSE;0
Tc3p;set3;P1+((T1-P1)-d);FALSE;1
Tc3p;set3;((T1-P1)+d)-P1;FALSE;0
Tc3p;set3;((T1+P1)+T1)+d;FALSE;0
Tc3p;set3;((T1+d)+d)+P1;FALSE;0
Tc3p;set3;(T1-(P1+d))+d;FALSE;0
Tc3p;set3;(T1-P1)+(P1-d);FALSE;0
Tc3p;set3;((T1+d)-d)+P1;FALSE;0
Tc3p;set3;((T1-d)+P1)-d;FALSE;0
Tc3p;set3;(T1+P1)-(P1+d);FALSE;0
Tc3p;set3;((T1+P1)+P1)-d;FALSE;0
Tc3p;set3;T1+((T1-P1)-d);FALSE;0
Tc3p;set3;(T1+(P1+d))+d;FALSE;0
Tc3p;set3;((T1-d)-d)-P1;FALSE;0
Tc3p;set3;((T1+P1)-P1)-d;TRUE;0
Tc3p;set3;T1-((T1-P1)+d);FALSE;0
Tc3p;set3;T1-(T1-(P1+d));FALSE;0
Tc3p;set3;d+((T1-P1)-P1);FALSE;0
Tc3p;set3;((T1+P1)+d)+T1;FALSE;0
Tc3p;set3;((T1+P1)-d)+T1;FALSE;0
Tc3p;set3;T1+((P1-d)-d);FALSE;0
Tc3p;set3;(T1+(T1-d))-P1;FALSE;0
Tc3p;set3;((T1+d)+P1)-P1;FALSE;0
Tc3p;set3;T1-((P1-d)-d);FALSE;0
Tc3p;set3;((T1+d)-P1)+P1;FALSE;0
Tc3p;set3;((T1-d)+P1)+T1;FALSE;0
Tc3p;set3;((T1+P1)-d)+P1;FALSE;0
Tc3p;set3;((T1+P1)+d)-T1;TRUE;0
Tc3p;set3;(T1-d)+(P1-d);FALSE;0
Tc3p;set3;((T1-P1)+d)+d;FALSE;0
Tc3p;set3;(T1-(T1-P1))-d;TRUE;0
Tc3p;set3;((T1-P1)-d)+d;FALSE;0
Tc3p;set3;T1-((T1+d)-P1);FALSE;0
Tc3p;set3;(T1+(P1-d))+d;FALSE;0
Tc3p;set3;((T1+P1)-d)-T1;TRUE;0
Tc3p;set3;((T1+P1)-T1)+d;FALSE;0
Tc3p;set3;T1-(T1-(P1-d));FALSE;0
Tc3p;set3;T1-(P1-(P1-d));FALSE;0
Tc3p;set3;((T1-d)+d)+P1;FALSE;0
Tc3p;set3;((T1+d)+P1)+T1;FALSE;0
Tc3p;set3;(T1-(P1+d))-d;FALSE;0
Tc3p;set3;((P1+d)+P1)-T1;FALSE;0
Tc3p;set3;((T1+d)-d)-P1;FALSE;0
Tc3p;set3;(T1+(P1-d))+P1;FALSE;0
Tc3p;set3;((T1-P1)+d)+P1;FALSE;0
Tc3p;set3;(T1-d)-(P1+d);FALSE;0
Tc3p;set3;(T1+d)-(T1-P1);TRUE;0
Tc3p;set3;P1+((T1-d)-P1);FALSE;0
Tc3p;set3;(T1+P1)-(T1-d);TRUE;0
Tc3p;set3;(P1+d)-(T1-P1);TRUE;0
Tc3p;set3;P1-(T1-(T1-d));TRUE;0
Tc3p;set3;((T1+P1)-d)-P1;TRUE;0
Tc3p;set3;T1+((T1-P1)+d);FALSE;0
Tc3p;set3;((T1-d)+P1)-T1;FALSE;0
Tc3p;set3;d-((T1-P1)-P1);TRUE;0
Tc3p;set3;P1+(T1-(P1+d));FALSE;0
Tc3p;set3;P1-((T1+d)-T1);FALSE;0
Tc3p;set3;((T1+P1)+P1)+d;FALSE;0
Tc3p;set3;(T1+(P1-d))-P1;FALSE;0
Tc3p;set3;((T1+P1)+d)-P1;FALSE;0
Tc3p;set3;T1-((T1-d)-P1);FALSE;0
Tc3p;set3;(T1+(T1-P1))-d;FALSE;0
Tc3p;set3;((T1-P1)-d)-d;TRUE;0
Tc3p;set3;(T1+d)+(P1-d);FALSE;0
Tc3p;set3;((T1+P1)-T1)-d;FALSE;0
Tc3p;set3;((T1+P1)-d)+d;FALSE;0
Tc3p;set3;((T1+P1)-P1)+d;FALSE;0
Tc3p;set3;((T1-d)-d)+P1;FALSE;0
Tc3p;set3;(T1-(P1-d))-P1;FALSE;0
Tc3p;set3;((T1+d)-P1)-d;FALSE;0
Tc3p;set3;T1-(P1+(P1-d));FALSE;0
Tc3p;set3;(T1-d)+(P1+d);FALSE;0
Tc3p;set3;(T1+P1)+(T1+d);FALSE;0
Tc3p;set3;(T1+(P1+d))+T1;FALSE;0
Tc3p;set3;((T1-P1)+P1)+d;FALSE;0
Tc3p;set3;T1+(T1-(P1-d));FALSE;0
Tc3p;set3;T1+((T1-d)-P1);FALSE;0
Tc3p;set3;(T1+d)-(P1-d);FALSE;0
Tc3p;set3;((T1+P1)+d)-d;FALSE;0
Tc3p;set3;((T1+P1)-d)-d;FALSE;0
Tc3p;set3;(P1+d)+(T1-P1);FALSE;0
Tc3p;set3;(T1+(T1-d))+P1;FALSE;0
Tc3p;set3;(T1+(P1-d))-d;FALSE;0
Tc3p;set3;((T1+P1)+d)+P1;FALSE;0
Tc3p;set3;((T1+d)+d)-P1;FALSE;0
Tc3p;set3;((T1+d)+P1)-d;FALSE;0
Tc3p;set3;((T1-d)+d)-P1;FALSE;0
Tc3p;set3;T1-((T1-P1)-d);TRUE;0
Tc3p;set3;((T1+d)+P1)+P1;FALSE;0
Tc3p;set3;((T1+d)+P1)-T1;FALSE;0
Tc3p;set3;(T1+(P1+d))-P1;FALSE;0
Tc3p;set3;T1+((P1-d)+d);FALSE;0
Tc3p;set3;((T1-d)+P1)+P1;FALSE;0
Tc3p;set3;(T1+P1)+(P1-d);FALSE;0
Tc3p;set3;((T1+d)-P1)+d;FALSE;0
Tc3p;set3;((T1+d)+T1)+P1;FALSE;0
Tc3p;set3;(T1+(P1-d))+T1;FALSE;0
Tc3p;set3;(T1+d)-(P1+d);FALSE;0
Tc3p;set3;(T1-(P1-d))+P1;FALSE;0
Tc3p;set3;(T1+(P1+d))-d;FALSE;0
Tc3p;set3;T1-((P1-d)+d);FALSE;0
Tc3p;set3;(T1-(P1-d))-d;FALSE;0
Tc3p;set3;((T1-d)-P1)+d;FALSE;0
Tc3p;set3;P1+((T1+d)-T1);FALSE;0
Tc3p;set3;P1-((T1-P1)-d);TRUE;0
Tc3p;set3;(T1-(T1-P1))+d;FALSE;0
Tc3p;set3;((T1+d)-P1)-P1;FALSE;0
