Tc1p;set0;T1+d;True;2
Tc1p;set0;T1+P1;False;2
Tc1p;set0;P1-d;True;17
Tc1p;set0;T1-P1;True;5
Tc1p;set0;P1+d;True;3
Tc1p;set0;T1-d;True;119
Tc1p;set1;T1+(P1+d);False;0
Tc1p;set1;(T1+d)+P1;False;0
Tc1p;set1;(T1+P1)-d;False;22
Tc1p;set1;T1-(P1-d);True;0
Tc1p;set1;(T1+d)-P1;True;1
Tc1p;set1;(T1-P1)-d;True;5
Tc1p;set1;(T1-P1)+d;True;2
Tc1p;set1;(T1-d)+P1;False;0
Tc1p;set1;T1+(P1-d);False;0
Tc1p;set1;(T1+P1)+d;False;2
Tc1p;set1;(T1-d)-P1;True;26
Tc1p;set1;T1-(P1+d);False;1
Tc1p;set2;T1+(T1-d);False;0
Tc1p;set2;P1+(P1-d);False;0
Tc1p;set2;(T1-d)-d;True;0
Tc1p;set2;(P1-d)+d;False;0
Tc1p;set2;(T1+d)-d;False;1
Tc1p;set2;T1-(T1-d);True;1
Tc1p;set2;(T1+P1)-P1;False;0
Tc1p;set2;(T1+P1)-T1;True;0
Tc1p;set2;(T1+P1)+T1;False;0
Tc1p;set2;(P1-d)-d;False;0
Tc1p;set2;(T1+P1)+P1;False;0
Tc1p;set2;T1-(T1-P1);True;0
Tc1p;set2;(T1-P1)-P1;True;0
Tc1p;set2;(T1-P1)+P1;False;0
Tc1p;set2;(T1+d)+d;False;0
Tc1p;set2;(P1+d)+P1;False;0
Tc1p;set2;(T1+d)-T1;True;0
Tc1p;set2;P1-(P1-d);True;0
Tc1p;set2;(P1+d)-P1;False;0
Tc1p;set2;(T1-d)+d;False;1
Tc1p;set2;(P1+d)+d;False;0
Tc1p;set2;T1+(T1-P1);False;0
Tc1p;set2;(P1+d)-d;False;0
Tc1p;set2;(T1+d)+T1;False;0
Tc1p;set3;(T1+d)+(T1-P1);False;0
Tc1p;set3;((T1-d)+P1)+d;False;0
Tc1p;set3;T1-((P1+d)-d);False;0
Tc1p;set3;T1+((P1+d)-P1);False;0
Tc1p;set3;(T1+P1)-(P1-d);False;0
Tc1p;set3;T1-((P1+d)-P1);False;0
Tc1p;set3;(T1+(T1-P1))+d;False;0
Tc1p;set3;P1-(T1-(P1+d));False;0
Tc1p;set3;(T1-d)+(T1-P1);False;0
Tc1p;set3;T1+((T1+d)-P1);False;0
Tc1p;set3;((T1+P1)+T1)-d;False;0
Tc1p;set3;T1+(P1+(P1-d));False;0
Tc1p;set3;((T1+d)+P1)+d;False;0
Tc1p;set3;T1+((P1+d)+d);False;0
Tc1p;set3;T1-((P1+d)+P1);False;0
Tc1p;set3;(T1+P1)+(T1-d);False;0
Tc1p;set3;T1+((P1+d)-d);False;0
Tc1p;set3;(T1+P1)-(T1+d);False;0
Tc1p;set3;((T1-P1)+d)-d;False;0
Tc1p;set3;((T1-P1)+P1)-d;False;0
Tc1p;set3;P1+(T1-(T1-d));False;0
Tc1p;set3;(T1+P1)+(P1+d);False;0
Tc1p;set3;((T1+P1)+d)+d;False;0
Tc1p;set3;(T1-(P1-d))+d;False;0
Tc1p;set3;(T1+(P1-d))-T1;False;0
Tc1p;set3;P1-((T1-d)-P1);False;0
Tc1p;set3;T1+((P1+d)+P1);False;0
Tc1p;set3;((T1-d)+P1)-P1;False;0
Tc1p;set3;((T1-d)-P1)-d;False;0
Tc1p;set3;T1+(P1-(P1-d));False;0
Tc1p;set3;(T1-d)-(P1-d);True;0
Tc1p;set3;T1+((P1-d)-d);False;0
Tc1p;set3;(T1-P1)-(P1-d);True;0
Tc1p;set3;T1-((P1+d)+d);False;0
Tc1p;set3;((T1+d)+T1)-P1;False;0
Tc1p;set3;((T1+P1)-T1)+d;False;0
Tc1p;set3;(T1+(P1+d))+P1;False;0
Tc1p;set3;(T1+(P1+d))-T1;False;0
Tc1p;set3;T1+(T1-(P1+d));False;0
Tc1p;set3;P1+((T1-P1)-d);False;0
Tc1p;set3;((T1-P1)+d)-P1;False;0
Tc1p;set3;((T1+P1)+T1)+d;False;0
Tc1p;set3;((T1+d)+d)+P1;False;0
Tc1p;set3;(T1-(P1+d))+d;False;0
Tc1p;set3;(T1-P1)+(P1-d);False;1
Tc1p;set3;((T1+d)-d)+P1;False;0
Tc1p;set3;((T1-d)+P1)-d;False;0
Tc1p;set3;(T1+P1)-(P1+d);False;0
Tc1p;set3;((T1+P1)+P1)-d;False;0
Tc1p;set3;T1+((T1-P1)-d);False;0
Tc1p;set3;(T1+(P1+d))+d;False;0
Tc1p;set3;((T1-d)-d)-P1;False;0
Tc1p;set3;((T1+P1)-P1)-d;True;0
Tc1p;set3;T1-((T1-P1)+d);False;0
Tc1p;set3;T1-(T1-(P1+d));False;0
Tc1p;set3;d+((T1-P1)-P1);False;0
Tc1p;set3;((T1+P1)+d)+T1;False;0
Tc1p;set3;((T1+P1)-d)+T1;False;0
Tc1p;set3;(T1+(P1-d))+P1;False;0
Tc1p;set3;(T1+(T1-d))-P1;False;0
Tc1p;set3;((T1+d)+P1)-P1;False;0
Tc1p;set3;T1-((P1-d)-d);False;0
Tc1p;set3;((T1+d)-P1)+P1;False;0
Tc1p;set3;((T1-d)+P1)+T1;False;0
Tc1p;set3;((T1+P1)-d)+P1;False;0
Tc1p;set3;((T1+P1)+d)-T1;True;0
Tc1p;set3;(T1-d)+(P1-d);False;0
Tc1p;set3;((T1-P1)+d)+d;False;0
Tc1p;set3;(T1-(T1-P1))-d;True;0
Tc1p;set3;(T1-d)-(T1-P1);True;29
Tc1p;set3;((T1-P1)-d)+d;False;0
Tc1p;set3;T1-((T1+d)-P1);False;0
Tc1p;set3;(T1+(P1-d))+d;False;0
Tc1p;set3;((T1+P1)-d)-T1;True;0
Tc1p;set3;(T1-P1)+(P1+d);False;0
Tc1p;set3;T1-(T1-(P1-d));False;0
Tc1p;set3;T1-(P1-(P1-d));False;0
Tc1p;set3;((T1-d)+d)+P1;False;0
Tc1p;set3;((T1+d)+P1)+T1;False;0
Tc1p;set3;(T1-(P1+d))-d;False;0
Tc1p;set3;((T1+d)-d)-P1;False;0
Tc1p;set3;(T1+d)+(P1+d);False;0
Tc1p;set3;((T1-P1)+d)+P1;False;0
Tc1p;set3;(T1-d)-(P1+d);False;0
Tc1p;set3;(T1+d)-(T1-P1);True;0
Tc1p;set3;P1+((T1-d)-P1);False;0
Tc1p;set3;(T1+P1)-(T1-d);True;0
Tc1p;set3;(P1+d)-(T1-P1);False;0
Tc1p;set3;P1-(T1-(T1-d));True;0
Tc1p;set3;((T1+P1)-d)-P1;True;0
Tc1p;set3;T1+((T1-P1)+d);False;0
Tc1p;set3;((T1-d)+P1)-T1;False;0
Tc1p;set3;d-((T1-P1)-P1);False;0
Tc1p;set3;P1+(T1-(P1+d));False;0
Tc1p;set3;P1-((T1+d)-T1);False;0
Tc1p;set3;((T1+P1)+P1)+d;False;0
Tc1p;set3;(T1+(P1-d))-P1;False;0
Tc1p;set3;((T1+P1)+d)-P1;False;0
Tc1p;set3;T1-((T1-d)-P1);False;0
Tc1p;set3;(T1+(T1-P1))-d;False;0
Tc1p;set3;((T1-P1)-d)-d;True;0
Tc1p;set3;(T1+d)+(P1-d);False;0
Tc1p;set3;((T1+P1)-T1)-d;False;0
Tc1p;set3;((T1+P1)-d)+d;False;0
Tc1p;set3;((T1+P1)-P1)+d;False;0
Tc1p;set3;((T1-d)-d)+P1;False;0
Tc1p;set3;(T1-(P1-d))-P1;False;0
Tc1p;set3;((T1+d)-P1)-d;False;0
Tc1p;set3;T1-(P1+(P1-d));False;0
Tc1p;set3;(T1-d)+(P1+d);False;0
Tc1p;set3;(T1+P1)+(T1+d);False;0
Tc1p;set3;(T1+(P1+d))+T1;False;0
Tc1p;set3;((T1-P1)+P1)+d;False;0
Tc1p;set3;T1+(T1-(P1-d));False;0
Tc1p;set3;T1+((T1-d)-P1);False;0
Tc1p;set3;(T1-P1)-(P1+d);False;0
Tc1p;set3;(T1+d)-(P1-d);False;0
Tc1p;set3;((T1+P1)+d)-d;False;0
Tc1p;set3;((T1+P1)-d)-d;False;0
Tc1p;set3;(P1+d)+(T1-P1);False;0
Tc1p;set3;(T1+(T1-d))+P1;False;0
Tc1p;set3;(T1+(P1-d))-d;False;0
Tc1p;set3;((T1+P1)+d)+P1;False;0
Tc1p;set3;((T1+d)+d)-P1;False;0
Tc1p;set3;((T1+d)+P1)-d;False;0
Tc1p;set3;((T1-d)+d)-P1;False;0
Tc1p;set3;T1-((T1-P1)-d);True;0
Tc1p;set3;((T1+d)+P1)+P1;False;0
Tc1p;set3;((T1+d)+P1)-T1;False;0
Tc1p;set3;(T1+(P1+d))-P1;False;0
Tc1p;set3;T1+((P1-d)+d);False;0
Tc1p;set3;((T1-d)+P1)+P1;False;0
Tc1p;set3;(T1+P1)+(P1-d);False;0
Tc1p;set3;((T1+d)-P1)+d;False;0
Tc1p;set3;((T1+d)+T1)+P1;False;0
Tc1p;set3;(T1+(P1-d))+T1;False;0
Tc1p;set3;(T1+d)-(P1+d);False;0
Tc1p;set3;(T1-(P1-d))+P1;False;0
Tc1p;set3;(T1+(P1+d))-d;False;0
Tc1p;set3;T1-((P1-d)+d);False;0
Tc1p;set3;(T1-(P1-d))-d;False;0
Tc1p;set3;((T1-d)-P1)+d;False;0
Tc1p;set3;P1+((T1+d)-T1);False;0
Tc1p;set3;P1-((T1-P1)-d);False;0
Tc1p;set3;(T1-(T1-P1))+d;False;0
Tc1p;set3;((T1+d)-P1)-P1;False;0
Tc2t;set0;T1+d;True;10
Tc2t;set0;T1+P1;True;0
Tc2t;set0;P1-d;True;5
Tc2t;set0;T1-P1;False;0
Tc2t;set0;P1+d;True;2
Tc2t;set0;T1-d;True;154
Tc2t;set1;T1+(P1+d);True;0
Tc2t;set1;(T1+d)+P1;False;0
Tc2t;set1;(T1+P1)-d;True;8
Tc2t;set1;T1-(P1-d);True;5
Tc2t;set1;(T1+d)-P1;False;0
Tc2t;set1;(T1-P1)-d;True;23
Tc2t;set1;(T1-P1)+d;True;13
Tc2t;set1;(T1-d)+P1;False;0
Tc2t;set1;T1+(P1-d);True;5
Tc2t;set1;(T1+P1)+d;True;1
Tc2t;set1;(T1-d)-P1;False;0
Tc2t;set1;T1-(P1+d);True;0
Tc2t;set2;T1+(T1-d);False;0
Tc2t;set2;P1+(P1-d);True;0
Tc2t;set2;(T1-d)-d;False;0
Tc2t;set2;(P1-d)+d;True;0
Tc2t;set2;(T1+d)-d;False;0
Tc2t;set2;T1-(T1-d);False;0
Tc2t;set2;(T1+P1)-P1;False;0
Tc2t;set2;(T1+P1)-T1;False;0
Tc2t;set2;(T1+P1)+T1;False;0
Tc2t;set2;(P1-d)-d;False;0
Tc2t;set2;(T1+P1)+P1;False;0
Tc2t;set2;T1-(T1-P1);False;0
Tc2t;set2;(T1-P1)-P1;False;0
Tc2t;set2;(T1-P1)+P1;True;0
Tc2t;set2;(T1+d)+d;False;0
Tc2t;set2;(P1+d)+P1;True;0
Tc2t;set2;(T1+d)-T1;False;0
Tc2t;set2;P1-(P1-d);True;0
Tc2t;set2;(P1+d)-P1;True;0
Tc2t;set2;(T1-d)+d;False;0
Tc2t;set2;(P1+d)+d;False;0
Tc2t;set2;T1+(T1-P1);False;0
Tc2t;set2;(P1+d)-d;False;0
Tc2t;set2;(T1+d)+T1;False;0
Tc2t;set3;(T1+d)+(T1-P1);False;0
Tc2t;set3;((T1-d)+P1)+d;False;0
Tc2t;set3;T1-((P1+d)-d);False;0
Tc2t;set3;T1+((P1+d)-P1);False;0
Tc2t;set3;(T1+P1)-(P1-d);True;0
Tc2t;set3;T1-((P1+d)-P1);False;0
Tc2t;set3;(T1+(T1-P1))+d;False;0
Tc2t;set3;((T1+P1)-d)-d;False;0
Tc2t;set3;(T1-d)+(T1-P1);False;0
Tc2t;set3;T1+((T1+d)-P1);False;0
Tc2t;set3;((T1-d)-P1)+P1;False;0
Tc2t;set3;((T1+P1)+T1)-d;False;0
Tc2t;set3;T1+(P1+(P1-d));False;0
Tc2t;set3;((T1+d)+P1)+d;False;0
Tc2t;set3;T1+((P1+d)+d);False;0
Tc2t;set3;T1-((P1+d)+P1);False;0
Tc2t;set3;(T1+P1)+(T1-d);False;0
Tc2t;set3;T1+((P1+d)-d);False;0
Tc2t;set3;(T1+P1)-(T1+d);False;0
Tc2t;set3;((T1-P1)+d)-d;False;0
Tc2t;set3;(T1-(P1+d))+P1;False;0
Tc2t;set3;((T1-P1)+P1)-d;True;0
Tc2t;set3;P1+(T1-(T1-d));False;0
Tc2t;set3;(T1+P1)+(P1+d);False;0
Tc2t;set3;((T1+P1)+d)+d;False;0
Tc2t;set3;(T1-(P1-d))+d;False;0
Tc2t;set3;(T1+(P1-d))-T1;False;0
Tc2t;set3;T1+((P1+d)+P1);False;0
Tc2t;set3;((T1+d)+d)-P1;False;0
Tc2t;set3;((T1-d)+P1)-P1;False;0
Tc2t;set3;((T1-d)-P1)-d;False;0
Tc2t;set3;T1+(P1-(P1-d));False;0
Tc2t;set3;(T1-d)-(P1-d);False;0
Tc2t;set3;T1+((P1-d)-d);False;0
Tc2t;set3;(T1-P1)-(P1-d);False;0
Tc2t;set3;((T1-P1)-d)-P1;False;0
Tc2t;set3;T1-((P1+d)+d);False;0
Tc2t;set3;((T1+d)+T1)-P1;False;0
Tc2t;set3;((T1+P1)-T1)+d;False;0
Tc2t;set3;(T1+(P1+d))+P1;False;0
Tc2t;set3;(T1+(P1+d))-T1;False;0
Tc2t;set3;T1+(T1-(P1+d));False;0
Tc2t;set3;((T1-P1)+d)-P1;False;0
Tc2t;set3;((T1+P1)+T1)+d;False;0
Tc2t;set3;((T1+d)+d)+P1;False;0
Tc2t;set3;(T1-(P1+d))+d;False;0
Tc2t;set3;(T1-P1)+(P1-d);True;40
Tc2t;set3;((T1+d)-d)+P1;False;0
Tc2t;set3;((T1-d)+P1)-d;False;0
Tc2t;set3;(T1+P1)-(P1+d);True;0
Tc2t;set3;((T1+P1)+P1)-d;False;0
Tc2t;set3;T1+((T1-P1)-d);True;1
Tc2t;set3;(T1+(P1+d))+d;False;0
Tc2t;set3;((T1-d)-d)-P1;False;0
Tc2t;set3;((T1+P1)-P1)-d;False;0
Tc2t;set3;(T1-(P1+d))-P1;False;0
Tc2t;set3;T1-((T1-P1)+d);True;0
Tc2t;set3;T1-(T1-(P1+d));False;0
Tc2t;set3;((T1+P1)+d)+T1;False;0
Tc2t;set3;((T1+P1)-d)+T1;False;0
Tc2t;set3;(T1+(P1-d))+P1;False;0
Tc2t;set3;(T1+(T1-d))-P1;False;0
Tc2t;set3;((T1+d)+P1)-P1;False;0
Tc2t;set3;T1-((P1-d)-d);False;0
Tc2t;set3;((T1+d)-P1)+P1;False;0
Tc2t;set3;((T1-d)+P1)+T1;False;0
Tc2t;set3;((T1+P1)-d)+P1;False;0
Tc2t;set3;((T1+P1)+d)-T1;False;0
Tc2t;set3;(T1-d)+(P1-d);True;0
Tc2t;set3;((T1-P1)+d)+d;False;0
Tc2t;set3;(T1-(T1-P1))-d;False;0
Tc2t;set3;(T1-d)-(T1-P1);False;0
Tc2t;set3;((T1-P1)-d)+d;True;0
Tc2t;set3;T1-((T1+d)-P1);False;0
Tc2t;set3;(T1+(P1-d))+d;False;0
Tc2t;set3;((T1+P1)-d)-T1;False;0
Tc2t;set3;(T1-P1)+(P1+d);True;0
Tc2t;set3;T1-(T1-(P1-d));False;0
Tc2t;set3;((T1-P1)-P1)-d;False;0
Tc2t;set3;T1-(P1-(P1-d));True;0
Tc2t;set3;((T1-d)+d)+P1;False;0
Tc2t;set3;((T1+d)+P1)+T1;False;0
Tc2t;set3;(T1-(P1+d))-d;False;0
Tc2t;set3;((T1-d)-P1)-P1;False;0
Tc2t;set3;((T1+d)-d)-P1;False;0
Tc2t;set3;(T1+d)+(P1+d);False;0
Tc2t;set3;((T1-P1)+d)+P1;True;0
Tc2t;set3;(T1-d)-(P1+d);False;0
Tc2t;set3;(T1+d)-(T1-P1);False;0
Tc2t;set3;(T1+P1)-(T1-d);False;0
Tc2t;set3;(T1+P1)+(P1-d);False;0
Tc2t;set3;P1-(T1-(T1-d));False;0
Tc2t;set3;((T1+P1)-d)-P1;False;0
Tc2t;set3;T1+((T1-P1)+d);False;0
Tc2t;set3;((T1-d)+P1)-T1;False;0
Tc2t;set3;((T1+d)-P1)-d;False;0
Tc2t;set3;P1-((T1+d)-T1);False;0
Tc2t;set3;((T1+P1)+P1)+d;False;0
Tc2t;set3;(T1+(P1-d))-P1;False;0
Tc2t;set3;((T1+P1)+d)-P1;False;0
Tc2t;set3;T1-((T1-d)-P1);False;0
Tc2t;set3;(T1+(T1-P1))-d;True;0
Tc2t;set3;((T1-P1)-d)-d;True;0
Tc2t;set3;(T1+d)+(P1-d);False;0
Tc2t;set3;((T1+P1)-T1)-d;False;0
Tc2t;set3;((T1+P1)-d)+d;False;0
Tc2t;set3;((T1+P1)-P1)+d;False;0
Tc2t;set3;((T1-d)-d)+P1;False;0
Tc2t;set3;(T1-(P1-d))-P1;False;0
Tc2t;set3;((T1+P1)+d)-d;False;0
Tc2t;set3;T1-(P1+(P1-d));False;0
Tc2t;set3;(T1-d)+(P1+d);False;0
Tc2t;set3;(T1+P1)+(T1+d);False;0
Tc2t;set3;(T1+(P1+d))+T1;False;0
Tc2t;set3;((T1-P1)+P1)+d;False;0
Tc2t;set3;T1+(T1-(P1-d));False;0
Tc2t;set3;T1+((T1-d)-P1);False;0
Tc2t;set3;(T1-P1)-(P1+d);False;0
Tc2t;set3;(T1+d)-(P1-d);False;0
Tc2t;set3;((T1+d)+P1)-d;False;0
Tc2t;set3;(T1+(T1-d))+P1;False;0
Tc2t;set3;(T1+(P1-d))-d;False;0
Tc2t;set3;((T1+P1)+d)+P1;False;0
Tc2t;set3;((T1-P1)-P1)+d;False;0
Tc2t;set3;((T1-d)+d)-P1;False;0
Tc2t;set3;T1-((T1-P1)-d);True;0
Tc2t;set3;((T1+d)+P1)+P1;False;0
Tc2t;set3;((T1-P1)-d)+P1;True;0
Tc2t;set3;((T1+d)+P1)-T1;False;0
Tc2t;set3;(T1+(P1+d))-P1;False;0
Tc2t;set3;T1+((P1-d)+d);False;0
Tc2t;set3;((T1-d)+P1)+P1;False;0
Tc2t;set3;((T1+d)-P1)+d;False;0
Tc2t;set3;((T1+d)+T1)+P1;False;0
Tc2t;set3;(T1+(P1-d))+T1;False;0
Tc2t;set3;(T1+d)-(P1+d);False;0
Tc2t;set3;(T1-(P1-d))+P1;False;0
Tc2t;set3;(T1+(P1+d))-d;False;0
Tc2t;set3;T1-((P1-d)+d);False;0
Tc2t;set3;(T1-(P1-d))-d;False;0
Tc2t;set3;((T1-d)-P1)+d;False;0
Tc2t;set3;P1+((T1+d)-T1);False;0
Tc2t;set3;(T1-(T1-P1))+d;False;0
Tc2t;set3;((T1+d)-P1)-P1;False;0
Cc4p;set0;T1+d;True;1
Cc4p;set0;T1+P1;False;1
Cc4p;set0;P1-d;True;17
Cc4p;set0;T1-P1;False;9
Cc4p;set0;P1+d;False;0
Cc4p;set0;T1-d;True;48
Cc4p;set1;T1+(P1+d);False;0
Cc4p;set1;(T1+d)+P1;False;0
Cc4p;set1;(T1+P1)-d;False;4
Cc4p;set1;T1-(P1-d);False;0
Cc4p;set1;(T1+d)-P1;False;0
Cc4p;set1;(T1-P1)-d;True;12
Cc4p;set1;(T1-P1)+d;False;0
Cc4p;set1;(T1-d)+P1;False;1
Cc4p;set1;T1+(P1-d);False;0
Cc4p;set1;(T1+P1)+d;False;0
Cc4p;set1;(T1-d)-P1;True;15
Cc4p;set1;T1-(P1+d);False;0
Cc4p;set2;P1-(T1-P1);False;0
Cc4p;set2;T1+(T1-d);False;0
Cc4p;set2;P1+(P1-d);False;0
Cc4p;set2;(T1-d)-d;True;0
Cc4p;set2;(P1-d)+d;False;0
Cc4p;set2;(T1+d)-d;True;0
Cc4p;set2;T1-(T1-d);True;1
Cc4p;set2;(T1+P1)-P1;False;0
Cc4p;set2;(T1+P1)-T1;False;0
Cc4p;set2;(T1+P1)+T1;False;0
Cc4p;set2;(P1-d)-d;False;0
Cc4p;set2;(T1+P1)+P1;False;0
Cc4p;set2;T1-(T1-P1);False;1
Cc4p;set2;T1+(T1-P1);False;0
Cc4p;set2;P1+(T1-P1);False;0
Cc4p;set2;(T1+d)+d;False;0
Cc4p;set2;(P1+d)+P1;False;0
Cc4p;set2;(T1+d)-T1;True;0
Cc4p;set2;P1-(P1-d);False;0
Cc4p;set2;(P1+d)-P1;False;0
Cc4p;set2;(T1-d)+d;False;0
Cc4p;set2;(P1+d)+d;False;0
Cc4p;set2;(P1+d)-d;False;0
Cc4p;set2;(T1+d)+T1;False;0
Cc4p;set3;(P1-(T1-P1))+d;False;0
Cc4p;set3;(T1+d)+(T1-P1);False;0
Cc4p;set3;((T1-d)+P1)+d;False;0
Cc4p;set3;T1-((P1+d)-d);False;0
Cc4p;set3;T1+((P1+d)-P1);False;0
Cc4p;set3;(T1+P1)-(P1-d);False;0
Cc4p;set3;T1-((P1+d)-P1);False;0
Cc4p;set3;(T1+(T1-P1))+d;False;0
Cc4p;set3;(T1-(P1+d))+d;False;0
Cc4p;set3;(T1-d)+(T1-P1);False;0
Cc4p;set3;T1+((T1+d)-P1);False;0
Cc4p;set3;P1+((T1+d)-P1);False;0
Cc4p;set3;((T1+P1)+T1)-d;False;0
Cc4p;set3;((T1+d)+P1)+d;False;0
Cc4p;set3;T1+((P1+d)+d);False;0
Cc4p;set3;(T1+P1)+(T1-d);False;0
Cc4p;set3;T1+((P1+d)-d);False;0
Cc4p;set3;(T1+P1)-(T1+d);False;0
Cc4p;set3;((T1-P1)+d)-d;False;0
Cc4p;set3;(T1+d)-(P1+d);False;0
Cc4p;set3;P1+(T1-(T1-d));False;0
Cc4p;set3;(T1+P1)+(P1+d);False;0
Cc4p;set3;(P1+(T1-P1))-d;False;0
Cc4p;set3;(T1-(P1-d))+d;False;0
Cc4p;set3;(P1-d)-(T1-P1);False;0
Cc4p;set3;P1-(T1-(P1-d));False;0
Cc4p;set3;P1-((T1-d)-P1);False;0
Cc4p;set3;((T1-d)+P1)-P1;False;0
Cc4p;set3;((T1-d)-P1)-d;False;0
Cc4p;set3;((P1+d)+P1)+T1;False;0
Cc4p;set3;(T1+(P1-d))-T1;False;0
Cc4p;set3;T1+(P1-(P1-d));False;0
Cc4p;set3;(T1-d)-(P1-d);False;0
Cc4p;set3;T1+((P1-d)-d);False;0
Cc4p;set3;T1-((P1+d)+d);False;0
Cc4p;set3;((T1+d)+T1)-P1;False;0
Cc4p;set3;(T1+(P1+d))+P1;False;0
Cc4p;set3;(T1+(P1+d))-T1;False;0
Cc4p;set3;T1+(T1-(P1+d));False;0
Cc4p;set3;P1+((T1-P1)-d);False;1
Cc4p;set3;((T1+P1)+T1)+d;False;0
Cc4p;set3;((T1+d)+d)+P1;False;0
Cc4p;set3;P1-((T1-P1)+d);False;0
Cc4p;set3;P1+(T1-(P1-d));False;0
Cc4p;set3;(P1-(T1-P1))-d;False;0
Cc4p;set3;P1-(T1-(P1+d));False;0
Cc4p;set3;((T1+d)-d)+P1;False;0
Cc4p;set3;((T1-d)+P1)-d;False;0
Cc4p;set3;(T1+P1)-(P1+d);False;0
Cc4p;set3;(P1+(T1-P1))+d;False;0
Cc4p;set3;((T1+P1)+P1)-d;False;0
Cc4p;set3;T1+((T1-P1)-d);False;0
Cc4p;set3;(T1+(P1+d))+d;False;0
Cc4p;set3;((T1-d)-d)-P1;False;0
Cc4p;set3;((T1+P1)-P1)-d;False;0
Cc4p;set3;(P1+(P1-d))+T1;False;0
Cc4p;set3;T1-((T1-P1)+d);False;0
Cc4p;set3;T1-(T1-(P1+d));False;0
Cc4p;set3;((T1+P1)+d)+T1;False;0
Cc4p;set3;((T1+P1)-d)+T1;False;0
Cc4p;set3;(T1+(P1-d))+P1;False;0
Cc4p;set3;(T1+(T1-d))-P1;False;0
Cc4p;set3;((T1+d)+P1)-P1;False;0
Cc4p;set3;T1-((P1-d)-d);False;0
Cc4p;set3;P1-((T1+d)-T1);True;0
Cc4p;set3;((T1-d)+P1)+T1;False;0
Cc4p;set3;((T1+P1)-d)+P1;False;0
Cc4p;set3;((T1+P1)+d)-T1;True;0
Cc4p;set3;(T1-d)+(P1-d);False;0
Cc4p;set3;T1-((T1-d)-P1);False;0
Cc4p;set3;((T1-P1)+d)+d;False;0
Cc4p;set3;(T1-(T1-P1))-d;True;0
Cc4p;set3;(T1-d)-(T1-P1);True;113
Cc4p;set3;((T1-P1)-d)+d;False;0
Cc4p;set3;T1-((T1+d)-P1);False;0
Cc4p;set3;(T1+(P1-d))+d;False;0
Cc4p;set3;((T1+P1)-d)-T1;True;0
Cc4p;set3;((T1+P1)-T1)+d;False;0
Cc4p;set3;T1-(T1-(P1-d));False;0
Cc4p;set3;(P1-d)+(T1-P1);False;4
Cc4p;set3;P1-((T1+d)-P1);False;0
Cc4p;set3;T1-(P1-(P1-d));False;0
Cc4p;set3;((T1-d)+d)+P1;False;0
Cc4p;set3;((T1+d)+P1)+T1;False;0
Cc4p;set3;(T1-(P1+d))-d;False;0
Cc4p;set3;((P1+d)+P1)-T1;False;0
Cc4p;set3;((T1+d)-d)-P1;False;0
Cc4p;set3;(T1+d)+(P1+d);False;0
Cc4p;set3;((T1+P1)-d)+d;False;0
Cc4p;set3;(T1-d)-(P1+d);False;1
Cc4p;set3;(T1+d)-(T1-P1);True;0
Cc4p;set3;P1+((T1-d)-P1);False;0
Cc4p;set3;(T1+P1)-(T1-d);False;0
Cc4p;set3;(P1+d)-(T1-P1);False;0
Cc4p;set3;P1-(T1-(T1-d));True;0
Cc4p;set3;((T1+P1)-d)-P1;True;0
Cc4p;set3;T1+((T1-P1)+d);False;0
Cc4p;set3;((T1-d)+P1)-T1;False;0
Cc4p;set3;((T1+d)-P1)-d;False;0
Cc4p;set3;P1+(T1-(P1+d));False;0
Cc4p;set3;((T1+P1)+d)+P1;False;0
Cc4p;set3;((T1+P1)+P1)+d;False;0
Cc4p;set3;(T1+(P1-d))-P1;False;0
Cc4p;set3;(P1+(P1-d))-T1;False;0
Cc4p;set3;(T1+(T1-P1))-d;False;0
Cc4p;set3;((T1-P1)-d)-d;False;0
Cc4p;set3;(T1+d)+(P1-d);False;0
Cc4p;set3;((T1+P1)-T1)-d;False;0
Cc4p;set3;((T1+P1)-P1)+d;False;0
Cc4p;set3;((T1-d)-d)+P1;False;0
Cc4p;set3;((T1+P1)+d)-d;False;0
Cc4p;set3;P1+((T1-P1)+d);False;0
Cc4p;set3;(T1-d)+(P1+d);False;0
Cc4p;set3;(T1+P1)+(T1+d);False;0
Cc4p;set3;(T1+(P1+d))+T1;False;0
Cc4p;set3;T1+(T1-(P1-d));False;0
Cc4p;set3;T1+((T1-d)-P1);False;0
Cc4p;set3;(T1+d)-(P1-d);False;0
Cc4p;set3;((T1+P1)-d)-d;True;0
Cc4p;set3;(P1+d)+(T1-P1);False;0
Cc4p;set3;(T1+(T1-d))+P1;False;0
Cc4p;set3;(T1+(P1-d))-d;False;0
Cc4p;set3;((T1+P1)+d)+d;False;0
Cc4p;set3;((T1+d)+d)-P1;False;0
Cc4p;set3;((T1+d)+P1)-d;False;0
Cc4p;set3;((T1-d)+d)-P1;False;0
Cc4p;set3;T1-((T1-P1)-d);False;0
Cc4p;set3;((T1+d)+P1)+P1;False;0
Cc4p;set3;((T1+d)+P1)-T1;False;0
Cc4p;set3;(T1+(P1+d))-P1;False;0
Cc4p;set3;T1+((P1-d)+d);False;0
Cc4p;set3;((T1-d)+P1)+P1;False;0
Cc4p;set3;(T1+P1)+(P1-d);False;0
Cc4p;set3;((T1+d)-P1)+d;False;0
Cc4p;set3;((T1+d)+T1)+P1;False;0
Cc4p;set3;(T1+(P1-d))+T1;False;0
Cc4p;set3;(T1+(P1+d))-d;False;0
Cc4p;set3;T1-((P1-d)+d);False;0
Cc4p;set3;(T1-(P1-d))-d;False;0
Cc4p;set3;((T1-d)-P1)+d;False;0
Cc4p;set3;P1+((T1+d)-T1);False;0
Cc4p;set3;P1-((T1-P1)-d);False;0
Cc4p;set3;(T1-(T1-P1))+d;False;0
Cc4p;set3;((T1+P1)+d)-P1;False;0
Tc4t;set0;T1+d;True;10
Tc4t;set0;T1+P1;True;4
Tc4t;set0;P1-d;True;14
Tc4t;set0;T1-P1;False;3
Tc4t;set0;P1+d;True;2
Tc4t;set0;T1-d;True;100
Tc4t;set1;T1+(P1+d);True;0
Tc4t;set1;(T1+d)+P1;False;0
Tc4t;set1;(T1+P1)-d;True;14
Tc4t;set1;T1-(P1-d);True;8
Tc4t;set1;(T1+d)-P1;False;0
Tc4t;set1;(T1-P1)-d;True;6
Tc4t;set1;(T1-P1)+d;True;8
Tc4t;set1;(T1-d)+P1;True;2
Tc4t;set1;T1+(P1-d);True;16
Tc4t;set1;(T1+P1)+d;True;7
Tc4t;set1;(T1-d)-P1;False;0
Tc4t;set1;T1-(P1+d);True;1
Tc4t;set2;T1+(T1-d);False;2
Tc4t;set2;d-(P1-d);False;0
Tc4t;set2;P1+(P1-d);True;0
Tc4t;set2;(T1-d)-d;False;0
Tc4t;set2;(T1+d)-d;False;0
Tc4t;set2;T1-(T1-d);False;0
Tc4t;set2;(T1+P1)-P1;False;0
Tc4t;set2;(T1+P1)-T1;False;0
Tc4t;set2;(T1+P1)+T1;False;0
Tc4t;set2;(T1+P1)+P1;False;0
Tc4t;set2;T1-(T1-P1);False;0
Tc4t;set2;(T1-P1)-P1;False;0
Tc4t;set2;(T1-P1)+P1;True;0
Tc4t;set2;(T1+d)+d;False;0
Tc4t;set2;(P1+d)+P1;True;0
Tc4t;set2;(T1+d)-T1;False;0
Tc4t;set2;P1-(P1-d);True;0
Tc4t;set2;(P1+d)-P1;True;0
Tc4t;set2;(T1-d)+d;False;0
Tc4t;set2;(P1+d)+d;False;0
Tc4t;set2;d+(P1-d);True;0
Tc4t;set2;T1+(T1-P1);False;2
Tc4t;set2;(P1+d)-d;False;0
Tc4t;set2;(T1+d)+T1;False;0
Tc4t;set3;(T1+d)+(T1-P1);False;0
Tc4t;set3;((T1-d)+P1)+d;False;0
Tc4t;set3;T1-((P1+d)-d);False;0
Tc4t;set3;T1+((P1+d)-P1);False;0
Tc4t;set3;(T1+P1)-(P1-d);True;0
Tc4t;set3;T1-((P1+d)-P1);False;0
Tc4t;set3;(T1+(T1-P1))+d;False;0
Tc4t;set3;P1-(T1-(P1+d));False;0
Tc4t;set3;(T1-d)+(T1-P1);False;1
Tc4t;set3;T1+((T1+d)-P1);False;0
Tc4t;set3;((T1+P1)+T1)-d;False;0
Tc4t;set3;T1+(P1+(P1-d));False;0
Tc4t;set3;((T1+d)+P1)+d;False;0
Tc4t;set3;T1+((P1+d)+d);False;0
Tc4t;set3;(T1+P1)+(T1-d);False;0
Tc4t;set3;(T1+(T1-d))+P1;False;0
Tc4t;set3;T1+((P1+d)-d);False;0
Tc4t;set3;(T1+P1)-(T1+d);False;0
Tc4t;set3;((T1-P1)+d)-d;False;0
Tc4t;set3;((T1-P1)+P1)-d;True;0
Tc4t;set3;P1+(T1-(T1-d));False;0
Tc4t;set3;(T1+P1)+(P1+d);False;0
Tc4t;set3;((T1+P1)+d)+d;False;0
Tc4t;set3;((T1+P1)-d)+T1;False;0
Tc4t;set3;(T1-(P1-d))+d;False;0
Tc4t;set3;(T1+(P1-d))-T1;False;0
Tc4t;set3;T1-(d+(P1-d));False;0
Tc4t;set3;P1-((T1-d)-P1);False;0
Tc4t;set3;((T1-d)+P1)-P1;False;0
Tc4t;set3;((T1-d)-P1)-d;False;0
Tc4t;set3;((P1+d)+P1)+T1;False;0
Tc4t;set3;T1+(P1-(P1-d));False;0
Tc4t;set3;(T1-d)-(P1-d);False;0
Tc4t;set3;(T1-P1)-(P1-d);False;0
Tc4t;set3;T1-((P1+d)+d);False;0
Tc4t;set3;((T1+d)+T1)-P1;False;0
Tc4t;set3;(T1+(P1+d))+P1;False;0
Tc4t;set3;(T1+(P1+d))-T1;False;0
Tc4t;set3;T1+(T1-(P1+d));False;0
Tc4t;set3;P1+((T1-P1)-d);True;0
Tc4t;set3;((T1-P1)+d)-P1;False;0
Tc4t;set3;((T1+P1)+T1)+d;False;0
Tc4t;set3;((T1+d)+d)+P1;False;0
Tc4t;set3;(T1-(P1+d))+d;False;0
Tc4t;set3;(T1-P1)+(P1-d);True;43
Tc4t;set3;((T1+d)-d)+P1;False;0
Tc4t;set3;((T1-d)+P1)-d;False;0
Tc4t;set3;(T1+P1)-(P1+d);True;0
Tc4t;set3;((T1+P1)+P1)-d;False;0
Tc4t;set3;T1+((T1-P1)-d);True;0
Tc4t;set3;(T1+(P1+d))+d;False;0
Tc4t;set3;((T1-d)-d)-P1;False;0
Tc4t;set3;((T1+P1)-P1)-d;False;0
Tc4t;set3;T1+(d+(P1-d));False;0
Tc4t;set3;T1-((T1-P1)+d);True;0
Tc4t;set3;T1-(T1-(P1+d));False;0
Tc4t;set3;d+((T1-P1)-P1);False;0
Tc4t;set3;((T1+d)+P1)+T1;False;0
Tc4t;set3;(T1+d)+(P1+d);False;0
Tc4t;set3;(T1+(T1-d))-P1;False;0
Tc4t;set3;((T1+d)+P1)-P1;False;0
Tc4t;set3;((T1+d)-P1)+P1;False;0
Tc4t;set3;((T1-d)+P1)+T1;False;0
Tc4t;set3;((T1+P1)-d)+P1;False;0
Tc4t;set3;((T1+P1)+d)-T1;False;0
Tc4t;set3;(T1-d)+(P1-d);True;0
Tc4t;set3;((T1-P1)+d)+d;False;0
Tc4t;set3;(T1-(T1-P1))-d;False;0
Tc4t;set3;(T1-d)-(T1-P1);False;0
Tc4t;set3;((T1-P1)-d)+d;True;0
Tc4t;set3;T1-((T1+d)-P1);False;0
Tc4t;set3;T1-(d-(P1-d));False;0
Tc4t;set3;(T1+(P1-d))+d;False;0
Tc4t;set3;((T1+P1)-d)-T1;False;0
Tc4t;set3;((T1+P1)-T1)+d;False;0
Tc4t;set3;T1-(T1-(P1-d));False;0
Tc4t;set3;T1-(P1-(P1-d));True;0
Tc4t;set3;((T1-d)+d)+P1;False;0
Tc4t;set3;((T1-P1)+d)+P1;True;0
Tc4t;set3;((P1+d)+P1)-T1;False;0
Tc4t;set3;((T1+d)-d)-P1;False;0
Tc4t;set3;(T1+(P1-d))+P1;False;0
Tc4t;set3;(T1-(P1+d))-d;False;0
Tc4t;set3;(T1-d)-(P1+d);False;0
Tc4t;set3;(T1+d)-(T1-P1);False;0
Tc4t;set3;P1+((T1-d)-P1);False;0
Tc4t;set3;(T1+P1)-(T1-d);False;0
Tc4t;set3;(P1+d)-(T1-P1);False;0
Tc4t;set3;P1-(T1-(T1-d));False;0
Tc4t;set3;((T1+P1)-d)-P1;False;0
Tc4t;set3;T1+((T1-P1)+d);False;0
Tc4t;set3;((T1-d)+P1)-T1;False;0
Tc4t;set3;d-((T1-P1)-P1);False;0
Tc4t;set3;P1+(T1-(P1+d));False;0
Tc4t;set3;P1-((T1+d)-T1);False;0
Tc4t;set3;((T1+P1)+P1)+d;False;0
Tc4t;set3;(T1+(P1-d))-P1;False;0
Tc4t;set3;((T1+P1)+d)-P1;False;0
Tc4t;set3;T1-((T1-d)-P1);False;0
Tc4t;set3;(T1+(T1-P1))-d;True;0
Tc4t;set3;((T1-P1)-d)-d;True;0
Tc4t;set3;((T1+P1)-T1)-d;False;0
Tc4t;set3;((T1+P1)-d)+d;False;0
Tc4t;set3;((T1+P1)-P1)+d;False;0
Tc4t;set3;((T1-d)-d)+P1;False;0
Tc4t;set3;(T1-(P1-d))-P1;False;0
Tc4t;set3;((T1+d)-P1)-d;False;0
Tc4t;set3;T1-(P1+(P1-d));False;0
Tc4t;set3;(T1-d)+(P1+d);False;0
Tc4t;set3;(T1+P1)+(T1+d);False;0
Tc4t;set3;(T1+(P1+d))+T1;False;0
Tc4t;set3;((T1-P1)+P1)+d;False;0
Tc4t;set3;T1+(T1-(P1-d));False;0
Tc4t;set3;T1+((T1-d)-P1);False;0
Tc4t;set3;(T1+d)-(P1-d);False;0
Tc4t;set3;((T1+P1)+d)-d;False;0
Tc4t;set3;((T1+P1)-d)-d;False;0
Tc4t;set3;(P1+d)+(T1-P1);True;0
Tc4t;set3;((T1+P1)+d)+T1;False;0
Tc4t;set3;(T1+(P1-d))-d;False;0
Tc4t;set3;((T1+P1)+d)+P1;False;0
Tc4t;set3;((T1+d)+d)-P1;False;0
Tc4t;set3;((T1+d)+P1)-d;False;0
Tc4t;set3;((T1-d)+d)-P1;False;0
Tc4t;set3;T1-((T1-P1)-d);True;0
Tc4t;set3;((T1+d)+P1)+P1;False;0
Tc4t;set3;((T1+d)+P1)-T1;False;0
Tc4t;set3;(T1+(P1+d))-P1;False;0
Tc4t;set3;(T1+d)+(P1-d);False;0
Tc4t;set3;((T1-d)+P1)+P1;False;0
Tc4t;set3;(T1+P1)+(P1-d);False;1
Tc4t;set3;T1+(d-(P1-d));False;0
Tc4t;set3;((T1+d)-P1)+d;False;0
Tc4t;set3;((T1+d)+T1)+P1;False;0
Tc4t;set3;(T1+(P1-d))+T1;False;0
Tc4t;set3;(T1+d)-(P1+d);False;0
Tc4t;set3;(T1-(P1-d))+P1;False;0
Tc4t;set3;(T1+(P1+d))-d;False;0
Tc4t;set3;(T1-(P1-d))-d;False;0
Tc4t;set3;((T1-d)-P1)+d;False;0
Tc4t;set3;P1+((T1+d)-T1);False;0
Tc4t;set3;P1-((T1-P1)-d);False;0
Tc4t;set3;(T1-(T1-P1))+d;False;0
Tc4t;set3;((T1+d)-P1)-P1;False;0
Cc4t;set0;T1+d;True;2
Cc4t;set0;T1+P1;True;0
Cc4t;set0;P1-d;True;42
Cc4t;set0;T1-P1;False;2
Cc4t;set0;P1+d;True;5
Cc4t;set0;T1-d;True;24
Cc4t;set1;T1+(P1+d);True;0
Cc4t;set1;(T1+d)+P1;False;0
Cc4t;set1;(T1+P1)-d;True;3
Cc4t;set1;T1-(P1-d);True;3
Cc4t;set1;(T1+d)-P1;False;0
Cc4t;set1;(T1-P1)-d;False;2
Cc4t;set1;(T1-P1)+d;True;17
Cc4t;set1;(T1-d)+P1;False;0
Cc4t;set1;T1+(P1-d);True;4
Cc4t;set1;(T1+P1)+d;False;0
Cc4t;set1;(T1-d)-P1;False;0
Cc4t;set1;T1-(P1+d);False;0
Cc4t;set2;P1-(T1-P1);False;0
Cc4t;set2;T1+(T1-d);True;0
Cc4t;set2;P1+(P1-d);False;5
Cc4t;set2;(T1-d)-d;False;0
Cc4t;set2;(P1-d)+d;False;0
Cc4t;set2;(T1+d)-d;False;0
Cc4t;set2;T1-(T1-d);False;0
Cc4t;set2;(T1+P1)-P1;False;0
Cc4t;set2;(T1+P1)-T1;False;0
Cc4t;set2;(T1+P1)+T1;False;0
Cc4t;set2;(P1-d)-d;False;0
Cc4t;set2;(T1+P1)+P1;False;0
Cc4t;set2;T1-(T1-P1);False;0
Cc4t;set2;T1+(T1-P1);False;0
Cc4t;set2;P1+(T1-P1);True;0
Cc4t;set2;(T1+d)+d;False;0
Cc4t;set2;(P1+d)+P1;False;0
Cc4t;set2;(T1+d)-T1;False;0
Cc4t;set2;P1-(P1-d);False;0
Cc4t;set2;(P1+d)-P1;False;0
Cc4t;set2;(T1-d)+d;False;0
Cc4t;set2;(P1+d)+d;False;0
Cc4t;set2;(P1+d)-d;False;0
Cc4t;set2;(T1+d)+T1;False;0
Cc4t;set3;(P1-(T1-P1))+d;False;0
Cc4t;set3;(T1+d)+(T1-P1);True;0
Cc4t;set3;((T1-d)+P1)+d;False;0
Cc4t;set3;T1-((P1+d)-d);True;0
Cc4t;set3;T1+((P1+d)-P1);False;0
Cc4t;set3;(T1+P1)-(P1-d);True;0
Cc4t;set3;T1-((P1+d)-P1);False;0
Cc4t;set3;(T1+(T1-P1))+d;False;0
Cc4t;set3;(T1-(P1+d))+d;True;0
Cc4t;set3;(T1-d)+(T1-P1);True;0
Cc4t;set3;T1+((T1+d)-P1);False;0
Cc4t;set3;P1+((T1+d)-P1);False;0
Cc4t;set3;((T1+P1)+T1)-d;False;0
Cc4t;set3;((T1+d)+P1)+d;False;0
Cc4t;set3;T1+((P1+d)+d);False;0
Cc4t;set3;(T1+P1)+(T1-d);False;0
Cc4t;set3;T1+((P1+d)-d);False;0
Cc4t;set3;(T1+P1)-(T1+d);False;0
Cc4t;set3;((T1-P1)+d)-d;False;0
Cc4t;set3;(T1+d)-(P1+d);False;0
Cc4t;set3;P1+(T1-(T1-d));False;0
Cc4t;set3;(T1+P1)+(P1+d);False;0
Cc4t;set3;(P1+(T1-P1))-d;False;0
Cc4t;set3;(T1-(P1-d))+d;False;0
Cc4t;set3;(P1-d)-(T1-P1);False;0
Cc4t;set3;P1-(T1-(P1-d));False;0
Cc4t;set3;P1-((T1-d)-P1);False;0
Cc4t;set3;((T1-d)+P1)-P1;False;0
Cc4t;set3;((T1-d)-P1)-d;False;0
Cc4t;set3;((P1+d)+P1)+T1;False;0
Cc4t;set3;(T1+(P1-d))-T1;False;0
Cc4t;set3;T1+(P1-(P1-d));False;0
Cc4t;set3;(T1-d)-(P1-d);False;0
Cc4t;set3;T1+((P1-d)-d);False;0
Cc4t;set3;T1-((P1+d)+d);False;0
Cc4t;set3;((T1+d)+T1)-P1;False;0
Cc4t;set3;(T1+(P1+d))+P1;False;0
Cc4t;set3;(T1+(P1+d))-T1;False;0
Cc4t;set3;T1+(T1-(P1+d));False;0
Cc4t;set3;P1+((T1-P1)-d);False;0
Cc4t;set3;((T1+P1)+T1)+d;False;0
Cc4t;set3;((T1+d)+d)+P1;False;0
Cc4t;set3;P1-((T1-P1)+d);False;0
Cc4t;set3;P1+(T1-(P1-d));True;0
Cc4t;set3;(P1-(T1-P1))-d;False;0
Cc4t;set3;P1-(T1-(P1+d));False;0
Cc4t;set3;((T1+d)-d)+P1;False;0
Cc4t;set3;((T1-d)+P1)-d;False;0
Cc4t;set3;(T1+P1)-(P1+d);False;0
Cc4t;set3;(P1+(T1-P1))+d;False;0
Cc4t;set3;((T1+P1)+P1)-d;False;0
Cc4t;set3;T1+((T1-P1)-d);False;0
Cc4t;set3;(T1+(P1+d))+d;False;0
Cc4t;set3;((T1-d)-d)-P1;False;0
Cc4t;set3;((T1+P1)-P1)-d;False;0
Cc4t;set3;(P1+(P1-d))+T1;False;0
Cc4t;set3;T1-((T1-P1)+d);False;0
Cc4t;set3;T1-(T1-(P1+d));False;0
Cc4t;set3;((T1+P1)+d)+T1;False;0
Cc4t;set3;((T1+P1)-d)+T1;False;0
Cc4t;set3;(T1+(P1-d))+P1;False;0
Cc4t;set3;(T1+(T1-d))-P1;False;0
Cc4t;set3;((T1+d)+P1)-P1;False;0
Cc4t;set3;T1-((P1-d)-d);False;0
Cc4t;set3;P1-((T1+d)-T1);False;0
Cc4t;set3;((T1-d)+P1)+T1;False;0
Cc4t;set3;((T1+P1)-d)+P1;False;0
Cc4t;set3;((T1+P1)+d)-T1;False;0
Cc4t;set3;(T1-d)+(P1-d);False;1
Cc4t;set3;T1-((T1-d)-P1);False;0
Cc4t;set3;((T1-P1)+d)+d;False;0
Cc4t;set3;(T1-(T1-P1))-d;False;0
Cc4t;set3;(T1-d)-(T1-P1);False;0
Cc4t;set3;((T1-P1)-d)+d;False;0
Cc4t;set3;T1-((T1+d)-P1);False;0
Cc4t;set3;(T1+(P1-d))+d;False;0
Cc4t;set3;((T1+P1)-d)-T1;False;0
Cc4t;set3;((T1+P1)-T1)+d;False;0
Cc4t;set3;T1-(T1-(P1-d));False;0
Cc4t;set3;(P1-d)+(T1-P1);True;0
Cc4t;set3;P1-((T1+d)-P1);False;0
Cc4t;set3;T1-(P1-(P1-d));False;0
Cc4t;set3;((T1-d)+d)+P1;False;0
Cc4t;set3;((T1+d)+P1)+T1;False;0
Cc4t;set3;(T1-(P1+d))-d;False;0
Cc4t;set3;((P1+d)+P1)-T1;False;0
Cc4t;set3;((T1+d)-d)-P1;False;0
Cc4t;set3;(T1+d)+(P1+d);False;0
Cc4t;set3;((T1+P1)-d)+d;False;0
Cc4t;set3;(T1-d)-(P1+d);False;0
Cc4t;set3;(T1+d)-(T1-P1);False;0
Cc4t;set3;P1+((T1-d)-P1);False;0
Cc4t;set3;(T1+P1)-(T1-d);False;0
Cc4t;set3;(P1+d)-(T1-P1);False;0
Cc4t;set3;P1-(T1-(T1-d));False;0
Cc4t;set3;((T1+P1)-d)-P1;False;0
Cc4t;set3;T1+((T1-P1)+d);False;0
Cc4t;set3;((T1-d)+P1)-T1;False;0
Cc4t;set3;((T1+d)-P1)-d;False;0
Cc4t;set3;P1+(T1-(P1+d));True;0
Cc4t;set3;((T1+P1)+d)+P1;False;0
Cc4t;set3;((T1+P1)+P1)+d;False;0
Cc4t;set3;(T1+(P1-d))-P1;False;0
Cc4t;set3;(P1+(P1-d))-T1;False;0
Cc4t;set3;(T1+(T1-P1))-d;True;0
Cc4t;set3;((T1-P1)-d)-d;False;0
Cc4t;set3;(T1+d)+(P1-d);False;0
Cc4t;set3;((T1+P1)-T1)-d;False;0
Cc4t;set3;((T1+P1)-P1)+d;False;0
Cc4t;set3;((T1-d)-d)+P1;False;0
Cc4t;set3;((T1+P1)+d)-d;False;0
Cc4t;set3;P1+((T1-P1)+d);False;0
Cc4t;set3;(T1-d)+(P1+d);False;0
Cc4t;set3;(T1+P1)+(T1+d);False;0
Cc4t;set3;(T1+(P1+d))+T1;False;0
Cc4t;set3;T1+(T1-(P1-d));False;0
Cc4t;set3;T1+((T1-d)-P1);False;0
Cc4t;set3;(T1+d)-(P1-d);False;0
Cc4t;set3;((T1+P1)-d)-d;False;0
Cc4t;set3;(P1+d)+(T1-P1);True;0
Cc4t;set3;(T1+(T1-d))+P1;False;0
Cc4t;set3;(T1+(P1-d))-d;False;0
Cc4t;set3;((T1+P1)+d)+d;False;0
Cc4t;set3;((T1+d)+d)-P1;False;0
Cc4t;set3;((T1+d)+P1)-d;False;0
Cc4t;set3;((T1-d)+d)-P1;False;0
Cc4t;set3;T1-((T1-P1)-d);False;0
Cc4t;set3;((T1+d)+P1)+P1;False;0
Cc4t;set3;((T1+d)+P1)-T1;False;0
Cc4t;set3;(T1+(P1+d))-P1;False;0
Cc4t;set3;T1+((P1-d)+d);False;0
Cc4t;set3;((T1-d)+P1)+P1;False;0
Cc4t;set3;(T1+P1)+(P1-d);False;1
Cc4t;set3;((T1+d)-P1)+d;False;0
Cc4t;set3;((T1+d)+T1)+P1;False;0
Cc4t;set3;(T1+(P1-d))+T1;False;0
Cc4t;set3;(T1+(P1+d))-d;True;0
Cc4t;set3;T1-((P1-d)+d);False;0
Cc4t;set3;(T1-(P1-d))-d;False;0
Cc4t;set3;((T1-d)-P1)+d;False;0
Cc4t;set3;P1+((T1+d)-T1);False;0
Cc4t;set3;P1-((T1-P1)-d);False;0
Cc4t;set3;(T1-(T1-P1))+d;False;0
Cc4t;set3;((T1+P1)+d)-P1;False;0
Tc4p;set0;T1+d;True;3
Tc4p;set0;T1+P1;False;3
Tc4p;set0;P1-d;True;16
Tc4p;set0;T1-P1;True;5
Tc4p;set0;P1+d;True;2
Tc4p;set0;T1-d;True;106
Tc4p;set1;T1+(P1+d);False;0
Tc4p;set1;(T1+d)+P1;False;0
Tc4p;set1;(T1+P1)-d;False;21
Tc4p;set1;T1-(P1-d);True;1
Tc4p;set1;(T1+d)-P1;True;0
Tc4p;set1;(T1-P1)-d;True;16
Tc4p;set1;(T1-P1)+d;True;2
Tc4p;set1;(T1-d)+P1;False;1
Tc4p;set1;T1+(P1-d);False;0
Tc4p;set1;(T1+P1)+d;False;3
Tc4p;set1;(T1-d)-P1;True;15
Tc4p;set1;T1-(P1+d);False;0
Tc4p;set2;T1+(T1-d);False;0
Tc4p;set2;d-(P1-d);False;0
Tc4p;set2;P1+(P1-d);False;0
Tc4p;set2;(T1-d)-d;False;2
Tc4p;set2;(T1+d)-d;False;0
Tc4p;set2;T1-(T1-d);True;1
Tc4p;set2;(T1+P1)-P1;False;0
Tc4p;set2;(T1+P1)-T1;True;0
Tc4p;set2;(T1+P1)+T1;False;0
Tc4p;set2;(T1+P1)+P1;False;0
Tc4p;set2;T1-(T1-P1);True;0
Tc4p;set2;(T1-P1)-P1;True;2
Tc4p;set2;(T1-P1)+P1;False;0
Tc4p;set2;(T1+d)+d;False;0
Tc4p;set2;(P1+d)+P1;False;0
Tc4p;set2;(T1+d)-T1;True;1
Tc4p;set2;P1-(P1-d);True;0
Tc4p;set2;(P1+d)-P1;False;0
Tc4p;set2;(T1-d)+d;False;0
Tc4p;set2;(P1+d)+d;False;0
Tc4p;set2;d+(P1-d);False;0
Tc4p;set2;T1+(T1-P1);False;0
Tc4p;set2;(P1+d)-d;False;0
Tc4p;set2;(T1+d)+T1;False;0
Tc4p;set3;(T1+d)+(T1-P1);False;0
Tc4p;set3;((T1-d)+P1)+d;False;0
Tc4p;set3;T1-((P1+d)-d);False;0
Tc4p;set3;T1+((P1+d)-P1);False;0
Tc4p;set3;(T1+P1)-(P1-d);False;0
Tc4p;set3;T1-((P1+d)-P1);False;0
Tc4p;set3;(T1+(T1-P1))+d;False;0
Tc4p;set3;P1-(T1-(P1+d));False;0
Tc4p;set3;(T1-d)+(T1-P1);False;0
Tc4p;set3;T1+((T1+d)-P1);False;0
Tc4p;set3;((T1+P1)+T1)-d;False;0
Tc4p;set3;T1+(P1+(P1-d));False;0
Tc4p;set3;((T1+d)+P1)+d;False;0
Tc4p;set3;T1+((P1+d)+d);False;0
Tc4p;set3;(T1+P1)+(T1-d);False;0
Tc4p;set3;(T1+(T1-d))+P1;False;0
Tc4p;set3;T1+((P1+d)-d);False;0
Tc4p;set3;(T1+P1)-(T1+d);False;0
Tc4p;set3;((T1-P1)+d)-d;False;0
Tc4p;set3;((T1-P1)+P1)-d;False;0
Tc4p;set3;P1+(T1-(T1-d));False;0
Tc4p;set3;(T1+P1)+(P1+d);False;0
Tc4p;set3;((T1+P1)+d)+d;False;0
Tc4p;set3;((T1+P1)-d)+T1;False;0
Tc4p;set3;(T1-(P1-d))+d;False;0
Tc4p;set3;(T1+(P1-d))-T1;False;0
Tc4p;set3;T1-(d+(P1-d));False;0
Tc4p;set3;P1-((T1-d)-P1);False;0
Tc4p;set3;((T1-d)+P1)-P1;False;0
Tc4p;set3;((T1-d)-P1)-d;False;0
Tc4p;set3;((P1+d)+P1)+T1;False;0
Tc4p;set3;T1+(P1-(P1-d));False;0
Tc4p;set3;(T1-d)-(P1-d);True;0
Tc4p;set3;(T1-P1)-(P1-d);True;0
Tc4p;set3;T1-((P1+d)+d);False;0
Tc4p;set3;((T1+d)+T1)-P1;False;0
Tc4p;set3;(T1+(P1+d))+P1;False;0
Tc4p;set3;(T1+(P1+d))-T1;False;0
Tc4p;set3;T1+(T1-(P1+d));False;0
Tc4p;set3;P1+((T1-P1)-d);False;1
Tc4p;set3;((T1-P1)+d)-P1;False;0
Tc4p;set3;((T1+P1)+T1)+d;False;0
Tc4p;set3;((T1+d)+d)+P1;False;0
Tc4p;set3;(T1-(P1+d))+d;False;0
Tc4p;set3;(T1-P1)+(P1-d);False;1
Tc4p;set3;((T1+d)-d)+P1;False;0
Tc4p;set3;((T1-d)+P1)-d;False;0
Tc4p;set3;(T1+P1)-(P1+d);False;0
Tc4p;set3;((T1+P1)+P1)-d;False;0
Tc4p;set3;T1+((T1-P1)-d);False;0
Tc4p;set3;(T1+(P1+d))+d;False;0
Tc4p;set3;((T1-d)-d)-P1;False;0
Tc4p;set3;((T1+P1)-P1)-d;True;0
Tc4p;set3;T1+(d+(P1-d));False;0
Tc4p;set3;T1-((T1-P1)+d);False;0
Tc4p;set3;T1-(T1-(P1+d));False;0
Tc4p;set3;d+((T1-P1)-P1);False;0
Tc4p;set3;((T1+d)+P1)+T1;False;0
Tc4p;set3;(T1+d)+(P1+d);False;0
Tc4p;set3;(T1+(T1-d))-P1;False;0
Tc4p;set3;((T1+d)+P1)-P1;False;0
Tc4p;set3;((T1+d)-P1)+P1;False;0
Tc4p;set3;((T1-d)+P1)+T1;False;0
Tc4p;set3;((T1+P1)-d)+P1;False;0
Tc4p;set3;((T1+P1)+d)-T1;True;0
Tc4p;set3;(T1-d)+(P1-d);False;0
Tc4p;set3;((T1-P1)+d)+d;False;0
Tc4p;set3;(T1-(T1-P1))-d;False;0
Tc4p;set3;(T1-d)-(T1-P1);True;42
Tc4p;set3;((T1-P1)-d)+d;False;0
Tc4p;set3;T1-((T1+d)-P1);False;0
Tc4p;set3;T1-(d-(P1-d));False;0
Tc4p;set3;(T1+(P1-d))+d;False;0
Tc4p;set3;((T1+P1)-d)-T1;True;0
Tc4p;set3;((T1+P1)-T1)+d;False;0
Tc4p;set3;T1-(T1-(P1-d));False;0
Tc4p;set3;T1-(P1-(P1-d));False;0
Tc4p;set3;((T1-d)+d)+P1;False;0
Tc4p;set3;((T1-P1)+d)+P1;False;0
Tc4p;set3;((P1+d)+P1)-T1;False;0
Tc4p;set3;((T1+d)-d)-P1;False;0
Tc4p;set3;(T1+(P1-d))+P1;False;0
Tc4p;set3;(T1-(P1+d))-d;False;0
Tc4p;set3;(T1-d)-(P1+d);False;0
Tc4p;set3;(T1+d)-(T1-P1);True;0
Tc4p;set3;P1+((T1-d)-P1);False;0
Tc4p;set3;(T1+P1)-(T1-d);True;1
Tc4p;set3;(P1+d)-(T1-P1);True;0
Tc4p;set3;P1-(T1-(T1-d));True;0
Tc4p;set3;((T1+P1)-d)-P1;True;0
Tc4p;set3;T1+((T1-P1)+d);False;0
Tc4p;set3;((T1-d)+P1)-T1;False;0
Tc4p;set3;d-((T1-P1)-P1);True;0
Tc4p;set3;P1+(T1-(P1+d));False;0
Tc4p;set3;P1-((T1+d)-T1);False;0
Tc4p;set3;((T1+P1)+P1)+d;False;0
Tc4p;set3;(T1+(P1-d))-P1;False;0
Tc4p;set3;((T1+P1)+d)-P1;False;0
Tc4p;set3;T1-((T1-d)-P1);False;0
Tc4p;set3;(T1+(T1-P1))-d;False;0
Tc4p;set3;((T1-P1)-d)-d;True;0
Tc4p;set3;((T1+P1)-T1)-d;False;0
Tc4p;set3;((T1+P1)-d)+d;False;0
Tc4p;set3;((T1+P1)-P1)+d;False;0
Tc4p;set3;((T1-d)-d)+P1;False;0
Tc4p;set3;(T1-(P1-d))-P1;False;0
Tc4p;set3;((T1+d)-P1)-d;False;0
Tc4p;set3;T1-(P1+(P1-d));False;0
Tc4p;set3;(T1-d)+(P1+d);False;0
Tc4p;set3;(T1+P1)+(T1+d);False;0
Tc4p;set3;(T1+(P1+d))+T1;False;0
Tc4p;set3;((T1-P1)+P1)+d;False;0
Tc4p;set3;T1+(T1-(P1-d));False;0
Tc4p;set3;T1+((T1-d)-P1);False;0
Tc4p;set3;(T1+d)-(P1-d);False;0
Tc4p;set3;((T1+P1)+d)-d;False;0
Tc4p;set3;((T1+P1)-d)-d;False;0
Tc4p;set3;(P1+d)+(T1-P1);False;0
Tc4p;set3;((T1+P1)+d)+T1;False;0
Tc4p;set3;(T1+(P1-d))-d;False;0
Tc4p;set3;((T1+P1)+d)+P1;False;0
Tc4p;set3;((T1+d)+d)-P1;False;0
Tc4p;set3;((T1+d)+P1)-d;False;0
Tc4p;set3;((T1-d)+d)-P1;False;0
Tc4p;set3;T1-((T1-P1)-d);True;0
Tc4p;set3;((T1+d)+P1)+P1;False;0
Tc4p;set3;((T1+d)+P1)-T1;False;0
Tc4p;set3;(T1+(P1+d))-P1;False;0
Tc4p;set3;(T1+d)+(P1-d);False;0
Tc4p;set3;((T1-d)+P1)+P1;False;0
Tc4p;set3;(T1+P1)+(P1-d);False;0
Tc4p;set3;T1+(d-(P1-d));False;0
Tc4p;set3;((T1+d)-P1)+d;False;0
Tc4p;set3;((T1+d)+T1)+P1;False;0
Tc4p;set3;(T1+(P1-d))+T1;False;0
Tc4p;set3;(T1+d)-(P1+d);False;0
Tc4p;set3;(T1-(P1-d))+P1;False;0
Tc4p;set3;(T1+(P1+d))-d;False;0
Tc4p;set3;(T1-(P1-d))-d;False;0
Tc4p;set3;((T1-d)-P1)+d;False;0
Tc4p;set3;P1+((T1+d)-T1);False;0
Tc4p;set3;P1-((T1-P1)-d);True;0
Tc4p;set3;(T1-(T1-P1))+d;False;0
Tc4p;set3;((T1+d)-P1)-P1;False;0
Cc2p;set0;T1+d;True;0
Cc2p;set0;T1+P1;False;1
Cc2p;set0;P1-d;True;17
Cc2p;set0;T1-P1;False;11
Cc2p;set0;P1+d;False;1
Cc2p;set0;T1-d;True;55
Cc2p;set1;T1+(P1+d);False;0
Cc2p;set1;(T1+d)+P1;False;0
Cc2p;set1;(T1+P1)-d;False;4
Cc2p;set1;T1-(P1-d);False;0
Cc2p;set1;(T1+d)-P1;False;0
Cc2p;set1;(T1-P1)-d;True;20
Cc2p;set1;(T1-P1)+d;False;1
Cc2p;set1;(T1-d)+P1;False;0
Cc2p;set1;T1+(P1-d);False;0
Cc2p;set1;(T1+P1)+d;False;1
Cc2p;set1;(T1-d)-P1;True;12
Cc2p;set1;T1-(P1+d);False;0
Cc2p;set2;T1+(T1-d);False;0
Cc2p;set2;P1+(P1-d);False;0
Cc2p;set2;(T1-d)-d;True;2
Cc2p;set2;(P1-d)+d;False;0
Cc2p;set2;(T1+d)-d;True;0
Cc2p;set2;T1-(T1-d);True;0
Cc2p;set2;(T1+P1)-P1;False;0
Cc2p;set2;(T1+P1)-T1;False;0
Cc2p;set2;(T1+P1)+T1;False;0
Cc2p;set2;(P1-d)-d;False;0
Cc2p;set2;(T1+P1)+P1;False;0
Cc2p;set2;T1-(T1-P1);False;2
Cc2p;set2;(T1-P1)-P1;False;0
Cc2p;set2;(T1-P1)+P1;False;0
Cc2p;set2;(T1+d)+d;False;0
Cc2p;set2;(P1+d)+P1;False;0
Cc2p;set2;(T1+d)-T1;True;0
Cc2p;set2;P1-(P1-d);False;0
Cc2p;set2;(P1+d)-P1;False;0
Cc2p;set2;(T1-d)+d;False;0
Cc2p;set2;(P1+d)+d;False;0
Cc2p;set2;T1+(T1-P1);False;0
Cc2p;set2;(P1+d)-d;False;0
Cc2p;set2;(T1+d)+T1;False;0
Cc2p;set3;(T1+d)+(T1-P1);False;0
Cc2p;set3;((T1-d)+P1)+d;False;0
Cc2p;set3;T1-((P1+d)-d);False;0
Cc2p;set3;T1+((P1+d)-P1);False;0
Cc2p;set3;(T1+P1)-(P1-d);False;0
Cc2p;set3;T1-((P1+d)-P1);False;0
Cc2p;set3;(T1+(T1-P1))+d;False;0
Cc2p;set3;((T1+P1)-d)-d;True;0
Cc2p;set3;(T1-d)+(T1-P1);False;1
Cc2p;set3;T1+((T1+d)-P1);False;0
Cc2p;set3;((T1-d)-P1)+P1;False;0
Cc2p;set3;((T1+P1)+T1)-d;False;0
Cc2p;set3;T1+(P1+(P1-d));False;0
Cc2p;set3;((T1+d)+P1)+d;False;0
Cc2p;set3;T1+((P1+d)+d);False;0
Cc2p;set3;T1-((P1+d)+P1);False;0
Cc2p;set3;(T1+P1)+(T1-d);False;0
Cc2p;set3;T1+((P1+d)-d);False;0
Cc2p;set3;(T1+P1)-(T1+d);False;0
Cc2p;set3;((T1-P1)+d)-d;False;0
Cc2p;set3;(T1-(P1+d))+P1;False;0
Cc2p;set3;((T1-P1)+P1)-d;False;0
Cc2p;set3;P1+(T1-(T1-d));False;0
Cc2p;set3;(T1+P1)+(P1+d);False;0
Cc2p;set3;((T1+P1)+d)+d;False;0
Cc2p;set3;(T1-(P1-d))+d;False;0
Cc2p;set3;(T1+(P1-d))-T1;False;0
Cc2p;set3;T1+((P1+d)+P1);False;0
Cc2p;set3;((T1+d)+d)-P1;False;0
Cc2p;set3;((T1-d)+P1)-P1;False;0
Cc2p;set3;((T1-d)-P1)-d;False;0
Cc2p;set3;T1+(P1-(P1-d));False;0
Cc2p;set3;(T1-d)-(P1-d);False;0
Cc2p;set3;T1+((P1-d)-d);False;0
Cc2p;set3;(T1-P1)-(P1-d);False;0
Cc2p;set3;((T1-P1)-d)-P1;False;0
Cc2p;set3;T1-((P1+d)+d);False;0
Cc2p;set3;((T1+d)+T1)-P1;False;0
Cc2p;set3;((T1+P1)-T1)+d;False;0
Cc2p;set3;(T1+(P1+d))+P1;False;0
Cc2p;set3;(T1+(P1+d))-T1;False;0
Cc2p;set3;T1+(T1-(P1+d));False;0
Cc2p;set3;((T1-P1)+d)-P1;False;0
Cc2p;set3;((T1+P1)+T1)+d;False;0
Cc2p;set3;((T1+d)+d)+P1;False;0
Cc2p;set3;(T1-(P1+d))+d;False;0
Cc2p;set3;(T1-P1)+(P1-d);False;7
Cc2p;set3;((T1+d)-d)+P1;False;0
Cc2p;set3;((T1-d)+P1)-d;False;0
Cc2p;set3;(T1+P1)-(P1+d);False;0
Cc2p;set3;((T1+P1)+P1)-d;False;0
Cc2p;set3;T1+((T1-P1)-d);False;0
Cc2p;set3;(T1+(P1+d))+d;False;0
Cc2p;set3;((T1-d)-d)-P1;False;0
Cc2p;set3;((T1+P1)-P1)-d;False;0
Cc2p;set3;(T1-(P1+d))-P1;False;0
Cc2p;set3;T1-((T1-P1)+d);False;0
Cc2p;set3;T1-(T1-(P1+d));False;0
Cc2p;set3;((T1+P1)+d)+T1;False;0
Cc2p;set3;((T1+P1)-d)+T1;False;0
Cc2p;set3;(T1+(P1-d))+P1;False;0
Cc2p;set3;(T1+(T1-d))-P1;False;0
Cc2p;set3;((T1+d)+P1)-P1;False;0
Cc2p;set3;T1-((P1-d)-d);False;0
Cc2p;set3;((T1+d)-P1)+P1;False;0
Cc2p;set3;((T1-d)+P1)+T1;False;0
Cc2p;set3;((T1+P1)-d)+P1;False;0
Cc2p;set3;((T1+P1)+d)-T1;True;0
Cc2p;set3;(T1-d)+(P1-d);False;0
Cc2p;set3;((T1-P1)+d)+d;False;0
Cc2p;set3;(T1-(T1-P1))-d;True;0
Cc2p;set3;(T1-d)-(T1-P1);True;113
Cc2p;set3;((T1-P1)-d)+d;False;0
Cc2p;set3;T1-((T1+d)-P1);False;0
Cc2p;set3;(T1+(P1-d))+d;False;0
Cc2p;set3;((T1+P1)-d)-T1;True;0
Cc2p;set3;(T1-P1)+(P1+d);False;0
Cc2p;set3;T1-(T1-(P1-d));False;0
Cc2p;set3;((T1-P1)-P1)-d;False;0
Cc2p;set3;T1-(P1-(P1-d));False;0
Cc2p;set3;((T1-d)+d)+P1;False;0
Cc2p;set3;((T1+d)+P1)+T1;False;0
Cc2p;set3;(T1-(P1+d))-d;False;0
Cc2p;set3;((T1-d)-P1)-P1;False;0
Cc2p;set3;((T1+d)-d)-P1;False;0
Cc2p;set3;(T1+d)+(P1+d);False;0
Cc2p;set3;((T1-P1)+d)+P1;False;0
Cc2p;set3;(T1-d)-(P1+d);False;1
Cc2p;set3;(T1+d)-(T1-P1);True;0
Cc2p;set3;(T1+P1)-(T1-d);False;0
Cc2p;set3;(T1+P1)+(P1-d);False;0
Cc2p;set3;P1-(T1-(T1-d));True;0
Cc2p;set3;((T1+P1)-d)-P1;True;0
Cc2p;set3;T1+((T1-P1)+d);False;0
Cc2p;set3;((T1-d)+P1)-T1;False;0
Cc2p;set3;((T1+d)-P1)-d;False;0
Cc2p;set3;P1-((T1+d)-T1);True;0
Cc2p;set3;((T1+P1)+P1)+d;False;0
Cc2p;set3;(T1+(P1-d))-P1;False;0
Cc2p;set3;((T1+P1)+d)-P1;False;0
Cc2p;set3;T1-((T1-d)-P1);False;0
Cc2p;set3;(T1+(T1-P1))-d;False;0
Cc2p;set3;((T1-P1)-d)-d;False;0
Cc2p;set3;(T1+d)+(P1-d);False;0
Cc2p;set3;((T1+P1)-T1)-d;False;0
Cc2p;set3;((T1+P1)-d)+d;False;0
Cc2p;set3;((T1+P1)-P1)+d;False;0
Cc2p;set3;((T1-d)-d)+P1;False;0
Cc2p;set3;(T1-(P1-d))-P1;False;0
Cc2p;set3;((T1+P1)+d)-d;False;0
Cc2p;set3;T1-(P1+(P1-d));False;0
Cc2p;set3;(T1-d)+(P1+d);False;0
Cc2p;set3;(T1+P1)+(T1+d);False;0
Cc2p;set3;(T1+(P1+d))+T1;False;0
Cc2p;set3;((T1-P1)+P1)+d;False;0
Cc2p;set3;T1+(T1-(P1-d));False;0
Cc2p;set3;T1+((T1-d)-P1);False;0
Cc2p;set3;(T1-P1)-(P1+d);False;0
Cc2p;set3;(T1+d)-(P1-d);False;0
Cc2p;set3;((T1+d)+P1)-d;False;0
Cc2p;set3;(T1+(T1-d))+P1;False;0
Cc2p;set3;(T1+(P1-d))-d;False;0
Cc2p;set3;((T1+P1)+d)+P1;False;0
Cc2p;set3;((T1-P1)-P1)+d;False;0
Cc2p;set3;((T1-d)+d)-P1;False;0
Cc2p;set3;T1-((T1-P1)-d);False;0
Cc2p;set3;((T1+d)+P1)+P1;False;0
Cc2p;set3;((T1-P1)-d)+P1;False;0
Cc2p;set3;((T1+d)+P1)-T1;False;0
Cc2p;set3;(T1+(P1+d))-P1;False;0
Cc2p;set3;T1+((P1-d)+d);False;0
Cc2p;set3;((T1-d)+P1)+P1;False;0
Cc2p;set3;((T1+d)-P1)+d;False;0
Cc2p;set3;((T1+d)+T1)+P1;False;0
Cc2p;set3;(T1+(P1-d))+T1;False;0
Cc2p;set3;(T1+d)-(P1+d);False;0
Cc2p;set3;(T1-(P1-d))+P1;False;0
Cc2p;set3;(T1+(P1+d))-d;False;0
Cc2p;set3;T1-((P1-d)+d);False;0
Cc2p;set3;(T1-(P1-d))-d;False;0
Cc2p;set3;((T1-d)-P1)+d;False;0
Cc2p;set3;P1+((T1+d)-T1);False;0
Cc2p;set3;(T1-(T1-P1))+d;False;0
Cc2p;set3;((T1+d)-P1)-P1;False;0
Tc2p;set0;T1+d;True;1
Tc2p;set0;T1+P1;False;0
Tc2p;set0;P1-d;True;15
Tc2p;set0;T1-P1;True;5
Tc2p;set0;P1+d;True;0
Tc2p;set0;T1-d;True;119
Tc2p;set1;T1+(P1+d);False;0
Tc2p;set1;(T1+d)+P1;False;0
Tc2p;set1;(T1+P1)-d;False;8
Tc2p;set1;T1-(P1-d);True;0
Tc2p;set1;(T1+d)-P1;True;0
Tc2p;set1;(T1-P1)-d;True;15
Tc2p;set1;(T1-P1)+d;True;4
Tc2p;set1;(T1-d)+P1;False;1
Tc2p;set1;T1+(P1-d);False;0
Tc2p;set1;(T1+P1)+d;False;0
Tc2p;set1;(T1-d)-P1;True;4
Tc2p;set1;T1-(P1+d);False;1
Tc2p;set2;T1+(T1-d);False;0
Tc2p;set2;P1+(P1-d);False;0
Tc2p;set2;(T1-d)-d;False;0
Tc2p;set2;(P1-d)+d;False;0
Tc2p;set2;(T1+d)-d;False;0
Tc2p;set2;T1-(T1-d);True;0
Tc2p;set2;(T1+P1)-P1;False;0
Tc2p;set2;(T1+P1)-T1;True;0
Tc2p;set2;(T1+P1)+T1;False;0
Tc2p;set2;(P1-d)-d;False;0
Tc2p;set2;(T1+P1)+P1;False;0
Tc2p;set2;T1-(T1-P1);True;2
Tc2p;set2;(T1-P1)-P1;True;0
Tc2p;set2;(T1-P1)+P1;False;0
Tc2p;set2;(T1+d)+d;False;0
Tc2p;set2;(P1+d)+P1;False;0
Tc2p;set2;(T1+d)-T1;True;0
Tc2p;set2;P1-(P1-d);True;0
Tc2p;set2;(P1+d)-P1;False;0
Tc2p;set2;(T1-d)+d;False;0
Tc2p;set2;(P1+d)+d;False;0
Tc2p;set2;T1+(T1-P1);False;0
Tc2p;set2;(P1+d)-d;False;0
Tc2p;set2;(T1+d)+T1;False;0
Tc2p;set3;(T1+d)+(T1-P1);False;0
Tc2p;set3;((T1-d)+P1)+d;False;0
Tc2p;set3;T1-((P1+d)-d);False;0
Tc2p;set3;T1+((P1+d)-P1);False;0
Tc2p;set3;(T1+P1)-(P1-d);False;0
Tc2p;set3;T1-((P1+d)-P1);False;0
Tc2p;set3;(T1+(T1-P1))+d;False;0
Tc2p;set3;((T1+P1)-d)-d;False;0
Tc2p;set3;(T1-d)+(T1-P1);False;0
Tc2p;set3;T1+((T1+d)-P1);False;0
Tc2p;set3;((T1-d)-P1)+P1;False;0
Tc2p;set3;((T1+P1)+T1)-d;False;0
Tc2p;set3;T1+(P1+(P1-d));False;0
Tc2p;set3;((T1+d)+P1)+d;False;0
Tc2p;set3;T1+((P1+d)+d);False;0
Tc2p;set3;T1-((P1+d)+P1);False;0
Tc2p;set3;(T1+P1)+(T1-d);False;0
Tc2p;set3;T1+((P1+d)-d);False;0
Tc2p;set3;(T1+P1)-(T1+d);False;0
Tc2p;set3;((T1-P1)+d)-d;False;0
Tc2p;set3;(T1-(P1+d))+P1;False;0
Tc2p;set3;((T1-P1)+P1)-d;False;0
Tc2p;set3;P1+(T1-(T1-d));False;0
Tc2p;set3;(T1+P1)+(P1+d);False;0
Tc2p;set3;((T1+P1)+d)+d;False;0
Tc2p;set3;(T1-(P1-d))+d;False;0
Tc2p;set3;(T1+(P1-d))-T1;False;0
Tc2p;set3;T1+((P1+d)+P1);False;0
Tc2p;set3;((T1+d)+d)-P1;False;0
Tc2p;set3;((T1-d)+P1)-P1;False;0
Tc2p;set3;((T1-d)-P1)-d;False;0
Tc2p;set3;T1+(P1-(P1-d));False;0
Tc2p;set3;(T1-d)-(P1-d);True;0
Tc2p;set3;T1+((P1-d)-d);False;0
Tc2p;set3;(T1-P1)-(P1-d);True;0
Tc2p;set3;((T1-P1)-d)-P1;True;0
Tc2p;set3;T1-((P1+d)+d);False;0
Tc2p;set3;((T1+d)+T1)-P1;False;0
Tc2p;set3;((T1+P1)-T1)+d;False;0
Tc2p;set3;(T1+(P1+d))+P1;False;0
Tc2p;set3;(T1+(P1+d))-T1;False;0
Tc2p;set3;T1+(T1-(P1+d));False;0
Tc2p;set3;((T1-P1)+d)-P1;False;0
Tc2p;set3;((T1+P1)+T1)+d;False;0
Tc2p;set3;((T1+d)+d)+P1;False;0
Tc2p;set3;(T1-(P1+d))+d;False;0
Tc2p;set3;(T1-P1)+(P1-d);False;5
Tc2p;set3;((T1+d)-d)+P1;False;0
Tc2p;set3;((T1-d)+P1)-d;False;0
Tc2p;set3;(T1+P1)-(P1+d);False;0
Tc2p;set3;((T1+P1)+P1)-d;False;0
Tc2p;set3;T1+((T1-P1)-d);False;0
Tc2p;set3;(T1+(P1+d))+d;False;0
Tc2p;set3;((T1-d)-d)-P1;False;0
Tc2p;set3;((T1+P1)-P1)-d;True;0
Tc2p;set3;(T1-(P1+d))-P1;False;0
Tc2p;set3;T1-((T1-P1)+d);False;0
Tc2p;set3;T1-(T1-(P1+d));False;0
Tc2p;set3;((T1+P1)+d)+T1;False;0
Tc2p;set3;((T1+P1)-d)+T1;False;0
Tc2p;set3;(T1+(P1-d))+P1;False;0
Tc2p;set3;(T1+(T1-d))-P1;False;0
Tc2p;set3;((T1+d)+P1)-P1;False;0
Tc2p;set3;T1-((P1-d)-d);False;0
Tc2p;set3;((T1+d)-P1)+P1;False;0
Tc2p;set3;((T1-d)+P1)+T1;False;0
Tc2p;set3;((T1+P1)-d)+P1;False;0
Tc2p;set3;((T1+P1)+d)-T1;True;0
Tc2p;set3;(T1-d)+(P1-d);False;0
Tc2p;set3;((T1-P1)+d)+d;False;0
Tc2p;set3;(T1-(T1-P1))-d;False;0
Tc2p;set3;(T1-d)-(T1-P1);True;59
Tc2p;set3;((T1-P1)-d)+d;False;0
Tc2p;set3;T1-((T1+d)-P1);False;0
Tc2p;set3;(T1+(P1-d))+d;False;0
Tc2p;set3;((T1+P1)-d)-T1;True;0
Tc2p;set3;(T1-P1)+(P1+d);False;0
Tc2p;set3;T1-(T1-(P1-d));False;0
Tc2p;set3;((T1-P1)-P1)-d;True;0
Tc2p;set3;T1-(P1-(P1-d));False;0
Tc2p;set3;((T1-d)+d)+P1;False;0
Tc2p;set3;((T1+d)+P1)+T1;False;0
Tc2p;set3;(T1-(P1+d))-d;False;0
Tc2p;set3;((T1-d)-P1)-P1;False;0
Tc2p;set3;((T1+d)-d)-P1;False;0
Tc2p;set3;(T1+d)+(P1+d);False;0
Tc2p;set3;((T1-P1)+d)+P1;False;0
Tc2p;set3;(T1-d)-(P1+d);False;0
Tc2p;set3;(T1+d)-(T1-P1);True;0
Tc2p;set3;(T1+P1)-(T1-d);True;0
Tc2p;set3;(T1+P1)+(P1-d);False;0
Tc2p;set3;P1-(T1-(T1-d));True;0
Tc2p;set3;((T1+P1)-d)-P1;True;1
Tc2p;set3;T1+((T1-P1)+d);False;0
Tc2p;set3;((T1-d)+P1)-T1;False;0
Tc2p;set3;((T1+d)-P1)-d;False;0
Tc2p;set3;P1-((T1+d)-T1);False;0
Tc2p;set3;((T1+P1)+P1)+d;False;0
Tc2p;set3;(T1+(P1-d))-P1;False;0
Tc2p;set3;((T1+P1)+d)-P1;False;0
Tc2p;set3;T1-((T1-d)-P1);False;0
Tc2p;set3;(T1+(T1-P1))-d;False;0
Tc2p;set3;((T1-P1)-d)-d;True;0
Tc2p;set3;(T1+d)+(P1-d);False;0
Tc2p;set3;((T1+P1)-T1)-d;False;0
Tc2p;set3;((T1+P1)-d)+d;False;0
Tc2p;set3;((T1+P1)-P1)+d;False;0
Tc2p;set3;((T1-d)-d)+P1;False;0
Tc2p;set3;(T1-(P1-d))-P1;False;0
Tc2p;set3;((T1+P1)+d)-d;False;1
Tc2p;set3;T1-(P1+(P1-d));False;0
Tc2p;set3;(T1-d)+(P1+d);False;0
Tc2p;set3;(T1+P1)+(T1+d);False;0
Tc2p;set3;(T1+(P1+d))+T1;False;0
Tc2p;set3;((T1-P1)+P1)+d;False;0
Tc2p;set3;T1+(T1-(P1-d));False;0
Tc2p;set3;T1+((T1-d)-P1);False;0
Tc2p;set3;(T1-P1)-(P1+d);True;0
Tc2p;set3;(T1+d)-(P1-d);False;0
Tc2p;set3;((T1+d)+P1)-d;False;0
Tc2p;set3;(T1+(T1-d))+P1;False;0
Tc2p;set3;(T1+(P1-d))-d;False;0
Tc2p;set3;((T1+P1)+d)+P1;False;0
Tc2p;set3;((T1-P1)-P1)+d;True;0
Tc2p;set3;((T1-d)+d)-P1;False;0
Tc2p;set3;T1-((T1-P1)-d);True;2
Tc2p;set3;((T1+d)+P1)+P1;False;0
Tc2p;set3;((T1-P1)-d)+P1;False;0
Tc2p;set3;((T1+d)+P1)-T1;False;0
Tc2p;set3;(T1+(P1+d))-P1;False;0
Tc2p;set3;T1+((P1-d)+d);False;0
Tc2p;set3;((T1-d)+P1)+P1;False;0
Tc2p;set3;((T1+d)-P1)+d;False;0
Tc2p;set3;((T1+d)+T1)+P1;False;0
Tc2p;set3;(T1+(P1-d))+T1;False;0
Tc2p;set3;(T1+d)-(P1+d);False;0
Tc2p;set3;(T1-(P1-d))+P1;False;0
Tc2p;set3;(T1+(P1+d))-d;False;0
Tc2p;set3;T1-((P1-d)+d);False;0
Tc2p;set3;(T1-(P1-d))-d;False;0
Tc2p;set3;((T1-d)-P1)+d;False;0
Tc2p;set3;P1+((T1+d)-T1);False;0
Tc2p;set3;(T1-(T1-P1))+d;False;0
Tc2p;set3;((T1+d)-P1)-P1;False;0
Cc3p;set0;T1+d;True;1
Cc3p;set0;T1+P1;False;2
Cc3p;set0;P1-d;True;16
Cc3p;set0;T1-P1;False;4
Cc3p;set0;P1+d;False;0
Cc3p;set0;T1-d;True;88
Cc3p;set1;T1+(P1+d);False;0
Cc3p;set1;(T1+d)+P1;False;0
Cc3p;set1;(T1+P1)-d;False;5
Cc3p;set1;T1-(P1-d);False;0
Cc3p;set1;(T1+d)-P1;False;0
Cc3p;set1;(T1-P1)-d;True;33
Cc3p;set1;(T1-P1)+d;False;0
Cc3p;set1;(T1-d)+P1;False;0
Cc3p;set1;T1+(P1-d);False;0
Cc3p;set1;(T1+P1)+d;False;1
Cc3p;set1;(T1-d)-P1;True;6
Cc3p;set1;T1-(P1+d);False;0
Cc3p;set2;T1+(T1-d);False;0
Cc3p;set2;P1+(P1-d);False;0
Cc3p;set2;(T1-d)-d;True;0
Cc3p;set2;(P1-d)+d;False;0
Cc3p;set2;(T1+d)-d;True;0
Cc3p;set2;T1-(T1-d);True;1
Cc3p;set2;(T1+P1)-P1;False;0
Cc3p;set2;(T1+P1)-T1;False;0
Cc3p;set2;(T1+P1)+T1;False;0
Cc3p;set2;(P1-d)-d;False;0
Cc3p;set2;(T1+P1)+P1;False;0
Cc3p;set2;T1-(T1-P1);False;1
Cc3p;set2;(T1-P1)-P1;False;0
Cc3p;set2;(T1-P1)+P1;False;1
Cc3p;set2;(T1+d)+d;False;0
Cc3p;set2;(P1+d)+P1;False;0
Cc3p;set2;(T1+d)-T1;True;0
Cc3p;set2;P1-(P1-d);False;0
Cc3p;set2;(P1+d)-P1;False;0
Cc3p;set2;(T1-d)+d;False;0
Cc3p;set2;(P1+d)+d;False;0
Cc3p;set2;T1+(T1-P1);False;0
Cc3p;set2;(P1+d)-d;False;0
Cc3p;set2;(T1+d)+T1;False;0
Cc3p;set3;(T1+d)+(T1-P1);False;0
Cc3p;set3;((T1-d)+P1)+d;False;0
Cc3p;set3;T1-((P1+d)-d);False;0
Cc3p;set3;T1+((P1+d)-P1);False;0
Cc3p;set3;(T1+P1)-(P1-d);False;0
Cc3p;set3;T1-((P1+d)-P1);False;0
Cc3p;set3;(T1+(T1-P1))+d;False;0
Cc3p;set3;((T1+P1)-d)-d;True;0
Cc3p;set3;(T1-d)+(T1-P1);False;0
Cc3p;set3;T1+((T1+d)-P1);False;0
Cc3p;set3;((T1-d)-P1)+P1;False;0
Cc3p;set3;((T1+P1)+T1)-d;False;0
Cc3p;set3;T1+(P1+(P1-d));False;0
Cc3p;set3;((T1+d)+P1)+d;False;0
Cc3p;set3;T1+((P1+d)+d);False;0
Cc3p;set3;T1-((P1+d)+P1);False;0
Cc3p;set3;(T1+P1)+(T1-d);False;0
Cc3p;set3;T1+((P1+d)-d);False;0
Cc3p;set3;(T1+P1)-(T1+d);False;0
Cc3p;set3;((T1-P1)+d)-d;False;0
Cc3p;set3;(T1-(P1+d))+P1;False;0
Cc3p;set3;((T1-P1)+P1)-d;False;0
Cc3p;set3;P1+(T1-(T1-d));False;0
Cc3p;set3;(T1+P1)+(P1+d);False;0
Cc3p;set3;((T1+P1)+d)+d;False;0
Cc3p;set3;(T1-(P1-d))+d;False;0
Cc3p;set3;(T1+(P1-d))-T1;False;0
Cc3p;set3;T1+((P1+d)+P1);False;0
Cc3p;set3;((T1+d)+d)-P1;False;0
Cc3p;set3;((T1-d)+P1)-P1;False;0
Cc3p;set3;((T1-d)-P1)-d;False;0
Cc3p;set3;T1+(P1-(P1-d));False;0
Cc3p;set3;(T1-d)-(P1-d);False;0
Cc3p;set3;T1+((P1-d)-d);False;0
Cc3p;set3;(T1-P1)-(P1-d);False;0
Cc3p;set3;((T1-P1)-d)-P1;False;0
Cc3p;set3;T1-((P1+d)+d);False;0
Cc3p;set3;((T1+d)+T1)-P1;False;0
Cc3p;set3;((T1+P1)-T1)+d;False;0
Cc3p;set3;(T1+(P1+d))+P1;False;0
Cc3p;set3;(T1+(P1+d))-T1;False;0
Cc3p;set3;T1+(T1-(P1+d));False;0
Cc3p;set3;((T1-P1)+d)-P1;False;0
Cc3p;set3;((T1+P1)+T1)+d;False;0
Cc3p;set3;((T1+d)+d)+P1;False;0
Cc3p;set3;(T1-(P1+d))+d;False;0
Cc3p;set3;(T1-P1)+(P1-d);False;1
Cc3p;set3;((T1+d)-d)+P1;False;0
Cc3p;set3;((T1-d)+P1)-d;False;0
Cc3p;set3;(T1+P1)-(P1+d);False;0
Cc3p;set3;((T1+P1)+P1)-d;False;0
Cc3p;set3;T1+((T1-P1)-d);False;0
Cc3p;set3;(T1+(P1+d))+d;False;0
Cc3p;set3;((T1-d)-d)-P1;False;0
Cc3p;set3;((T1+P1)-P1)-d;False;0
Cc3p;set3;(T1-(P1+d))-P1;False;0
Cc3p;set3;T1-((T1-P1)+d);False;0
Cc3p;set3;T1-(T1-(P1+d));False;0
Cc3p;set3;((T1+P1)+d)+T1;False;0
Cc3p;set3;((T1+P1)-d)+T1;False;0
Cc3p;set3;(T1+(P1-d))+P1;False;0
Cc3p;set3;(T1+(T1-d))-P1;False;0
Cc3p;set3;((T1+d)+P1)-P1;False;0
Cc3p;set3;T1-((P1-d)-d);False;0
Cc3p;set3;((T1+d)-P1)+P1;False;0
Cc3p;set3;((T1-d)+P1)+T1;False;0
Cc3p;set3;((T1+P1)-d)+P1;False;0
Cc3p;set3;((T1+P1)+d)-T1;True;0
Cc3p;set3;(T1-d)+(P1-d);False;1
Cc3p;set3;((T1-P1)+d)+d;False;0
Cc3p;set3;(T1-(T1-P1))-d;True;0
Cc3p;set3;(T1-d)-(T1-P1);True;99
Cc3p;set3;((T1-P1)-d)+d;False;0
Cc3p;set3;T1-((T1+d)-P1);False;0
Cc3p;set3;(T1+(P1-d))+d;False;0
Cc3p;set3;((T1+P1)-d)-T1;True;0
Cc3p;set3;(T1-P1)+(P1+d);False;0
Cc3p;set3;T1-(T1-(P1-d));False;0
Cc3p;set3;((T1-P1)-P1)-d;False;0
Cc3p;set3;T1-(P1-(P1-d));False;0
Cc3p;set3;((T1-d)+d)+P1;False;0
Cc3p;set3;((T1+d)+P1)+T1;False;0
Cc3p;set3;(T1-(P1+d))-d;False;0
Cc3p;set3;((T1-d)-P1)-P1;False;0
Cc3p;set3;((T1+d)-d)-P1;False;0
Cc3p;set3;(T1+d)+(P1+d);False;0
Cc3p;set3;((T1-P1)+d)+P1;False;0
Cc3p;set3;(T1-d)-(P1+d);False;0
Cc3p;set3;(T1+d)-(T1-P1);True;0
Cc3p;set3;(T1+P1)-(T1-d);False;0
Cc3p;set3;(T1+P1)+(P1-d);False;0
Cc3p;set3;P1-(T1-(T1-d));True;0
Cc3p;set3;((T1+P1)-d)-P1;True;0
Cc3p;set3;T1+((T1-P1)+d);False;0
Cc3p;set3;((T1-d)+P1)-T1;False;0
Cc3p;set3;((T1+d)-P1)-d;False;0
Cc3p;set3;P1-((T1+d)-T1);True;0
Cc3p;set3;((T1+P1)+P1)+d;False;0
Cc3p;set3;(T1+(P1-d))-P1;False;0
Cc3p;set3;((T1+P1)+d)-P1;False;0
Cc3p;set3;T1-((T1-d)-P1);False;0
Cc3p;set3;(T1+(T1-P1))-d;False;0
Cc3p;set3;((T1-P1)-d)-d;False;0
Cc3p;set3;(T1+d)+(P1-d);False;0
Cc3p;set3;((T1+P1)-T1)-d;False;0
Cc3p;set3;((T1+P1)-d)+d;False;0
Cc3p;set3;((T1+P1)-P1)+d;False;0
Cc3p;set3;((T1-d)-d)+P1;False;0
Cc3p;set3;(T1-(P1-d))-P1;False;0
Cc3p;set3;((T1+P1)+d)-d;False;0
Cc3p;set3;T1-(P1+(P1-d));False;0
Cc3p;set3;(T1-d)+(P1+d);False;0
Cc3p;set3;(T1+P1)+(T1+d);False;0
Cc3p;set3;(T1+(P1+d))+T1;False;0
Cc3p;set3;((T1-P1)+P1)+d;False;0
Cc3p;set3;T1+(T1-(P1-d));False;0
Cc3p;set3;T1+((T1-d)-P1);False;0
Cc3p;set3;(T1-P1)-(P1+d);False;0
Cc3p;set3;(T1+d)-(P1-d);False;0
Cc3p;set3;((T1+d)+P1)-d;False;0
Cc3p;set3;(T1+(T1-d))+P1;False;0
Cc3p;set3;(T1+(P1-d))-d;False;0
Cc3p;set3;((T1+P1)+d)+P1;False;0
Cc3p;set3;((T1-P1)-P1)+d;False;0
Cc3p;set3;((T1-d)+d)-P1;False;0
Cc3p;set3;T1-((T1-P1)-d);False;0
Cc3p;set3;((T1+d)+P1)+P1;False;0
Cc3p;set3;((T1-P1)-d)+P1;False;0
Cc3p;set3;((T1+d)+P1)-T1;False;0
Cc3p;set3;(T1+(P1+d))-P1;False;0
Cc3p;set3;T1+((P1-d)+d);False;0
Cc3p;set3;((T1-d)+P1)+P1;False;0
Cc3p;set3;((T1+d)-P1)+d;False;0
Cc3p;set3;((T1+d)+T1)+P1;False;0
Cc3p;set3;(T1+(P1-d))+T1;False;0
Cc3p;set3;(T1+d)-(P1+d);False;0
Cc3p;set3;(T1-(P1-d))+P1;False;0
Cc3p;set3;(T1+(P1+d))-d;False;0
Cc3p;set3;T1-((P1-d)+d);False;0
Cc3p;set3;(T1-(P1-d))-d;False;0
Cc3p;set3;((T1-d)-P1)+d;False;0
Cc3p;set3;P1+((T1+d)-T1);False;0
Cc3p;set3;(T1-(T1-P1))+d;False;0
Cc3p;set3;((T1+d)-P1)-P1;False;0
Cc2t;set0;T1+d;True;1
Cc2t;set0;T1+P1;False;1
Cc2t;set0;P1-d;True;7
Cc2t;set0;T1-P1;False;4
Cc2t;set0;P1+d;True;1
Cc2t;set0;T1-d;True;22
Cc2t;set1;T1+(P1+d);True;0
Cc2t;set1;(T1+d)+P1;False;0
Cc2t;set1;(T1+P1)-d;True;1
Cc2t;set1;T1-(P1-d);True;3
Cc2t;set1;(T1+d)-P1;False;0
Cc2t;set1;(T1-P1)-d;False;2
Cc2t;set1;(T1-P1)+d;True;24
Cc2t;set1;(T1-d)+P1;False;1
Cc2t;set1;T1+(P1-d);True;3
Cc2t;set1;(T1+P1)+d;False;0
Cc2t;set1;(T1-d)-P1;False;0
Cc2t;set1;T1-(P1+d);False;0
Cc2t;set2;T1+(T1-d);True;0
Cc2t;set2;P1+(P1-d);False;3
Cc2t;set2;(T1-d)-d;False;0
Cc2t;set2;(P1-d)+d;False;0
Cc2t;set2;(T1+d)-d;False;0
Cc2t;set2;T1-(T1-d);False;0
Cc2t;set2;(T1+P1)-P1;False;0
Cc2t;set2;(T1+P1)-T1;False;0
Cc2t;set2;(T1+P1)+T1;False;0
Cc2t;set2;(P1-d)-d;False;0
Cc2t;set2;(T1+P1)+P1;False;0
Cc2t;set2;T1-(T1-P1);False;0
Cc2t;set2;(T1-P1)-P1;False;0
Cc2t;set2;(T1-P1)+P1;False;0
Cc2t;set2;(T1+d)+d;False;0
Cc2t;set2;(P1+d)+P1;False;0
Cc2t;set2;(T1+d)-T1;False;0
Cc2t;set2;P1-(P1-d);False;0
Cc2t;set2;(P1+d)-P1;False;0
Cc2t;set2;(T1-d)+d;False;1
Cc2t;set2;(P1+d)+d;False;0
Cc2t;set2;T1+(T1-P1);False;0
Cc2t;set2;(P1+d)-d;False;0
Cc2t;set2;(T1+d)+T1;False;0
Cc2t;set3;(T1+d)+(T1-P1);True;0
Cc2t;set3;((T1-d)+P1)+d;False;0
Cc2t;set3;T1-((P1+d)-d);False;0
Cc2t;set3;T1+((P1+d)-P1);False;0
Cc2t;set3;(T1+P1)-(P1-d);True;0
Cc2t;set3;T1-((P1+d)-P1);False;0
Cc2t;set3;(T1+(T1-P1))+d;False;0
Cc2t;set3;((T1+P1)-d)-d;False;0
Cc2t;set3;(T1-d)+(T1-P1);True;3
Cc2t;set3;T1+((T1+d)-P1);False;0
Cc2t;set3;((T1-d)-P1)+P1;False;0
Cc2t;set3;((T1+P1)+T1)-d;False;0
Cc2t;set3;T1+(P1+(P1-d));False;0
Cc2t;set3;((T1+d)+P1)+d;False;0
Cc2t;set3;T1+((P1+d)+d);False;0
Cc2t;set3;T1-((P1+d)+P1);False;0
Cc2t;set3;(T1+P1)+(T1-d);False;0
Cc2t;set3;T1+((P1+d)-d);False;0
Cc2t;set3;(T1+P1)-(T1+d);False;0
Cc2t;set3;((T1-P1)+d)-d;False;0
Cc2t;set3;(T1-(P1+d))+P1;False;0
Cc2t;set3;((T1-P1)+P1)-d;False;0
Cc2t;set3;P1+(T1-(T1-d));False;0
Cc2t;set3;(T1+P1)+(P1+d);False;0
Cc2t;set3;((T1+P1)+d)+d;False;0
Cc2t;set3;(T1-(P1-d))+d;False;0
Cc2t;set3;(T1+(P1-d))-T1;False;0
Cc2t;set3;T1+((P1+d)+P1);False;0
Cc2t;set3;((T1+d)+d)-P1;False;0
Cc2t;set3;((T1-d)+P1)-P1;False;0
Cc2t;set3;((T1-d)-P1)-d;False;0
Cc2t;set3;T1+(P1-(P1-d));False;0
Cc2t;set3;(T1-d)-(P1-d);False;0
Cc2t;set3;T1+((P1-d)-d);False;0
Cc2t;set3;(T1-P1)-(P1-d);False;0
Cc2t;set3;((T1-P1)-d)-P1;False;0
Cc2t;set3;T1-((P1+d)+d);False;0
Cc2t;set3;((T1+d)+T1)-P1;False;0
Cc2t;set3;((T1+P1)-T1)+d;False;0
Cc2t;set3;(T1+(P1+d))+P1;False;0
Cc2t;set3;(T1+(P1+d))-T1;False;0
Cc2t;set3;T1+(T1-(P1+d));False;0
Cc2t;set3;((T1-P1)+d)-P1;False;0
Cc2t;set3;((T1+P1)+T1)+d;False;0
Cc2t;set3;((T1+d)+d)+P1;False;0
Cc2t;set3;(T1-(P1+d))+d;False;0
Cc2t;set3;(T1-P1)+(P1-d);True;173
Cc2t;set3;((T1+d)-d)+P1;False;0
Cc2t;set3;((T1-d)+P1)-d;False;0
Cc2t;set3;(T1+P1)-(P1+d);False;0
Cc2t;set3;((T1+P1)+P1)-d;False;0
Cc2t;set3;T1+((T1-P1)-d);False;0
Cc2t;set3;(T1+(P1+d))+d;False;0
Cc2t;set3;((T1-d)-d)-P1;False;0
Cc2t;set3;((T1+P1)-P1)-d;False;0
Cc2t;set3;(T1-(P1+d))-P1;False;0
Cc2t;set3;T1-((T1-P1)+d);False;0
Cc2t;set3;T1-(T1-(P1+d));False;0
Cc2t;set3;((T1+P1)+d)+T1;False;0
Cc2t;set3;((T1+P1)-d)+T1;False;0
Cc2t;set3;(T1+(P1-d))+P1;False;0
Cc2t;set3;(T1+(T1-d))-P1;False;0
Cc2t;set3;((T1+d)+P1)-P1;False;0
Cc2t;set3;T1-((P1-d)-d);False;0
Cc2t;set3;((T1+d)-P1)+P1;False;0
Cc2t;set3;((T1-d)+P1)+T1;False;0
Cc2t;set3;((T1+P1)-d)+P1;False;0
Cc2t;set3;((T1+P1)+d)-T1;False;0
Cc2t;set3;(T1-d)+(P1-d);False;0
Cc2t;set3;((T1-P1)+d)+d;False;0
Cc2t;set3;(T1-(T1-P1))-d;False;0
Cc2t;set3;(T1-d)-(T1-P1);False;0
Cc2t;set3;((T1-P1)-d)+d;False;0
Cc2t;set3;T1-((T1+d)-P1);False;0
Cc2t;set3;(T1+(P1-d))+d;False;0
Cc2t;set3;((T1+P1)-d)-T1;False;0
Cc2t;set3;(T1-P1)+(P1+d);True;0
Cc2t;set3;T1-(T1-(P1-d));False;0
Cc2t;set3;((T1-P1)-P1)-d;False;0
Cc2t;set3;T1-(P1-(P1-d));False;0
Cc2t;set3;((T1-d)+d)+P1;False;0
Cc2t;set3;((T1+d)+P1)+T1;False;0
Cc2t;set3;(T1-(P1+d))-d;False;0
Cc2t;set3;((T1-d)-P1)-P1;False;0
Cc2t;set3;((T1+d)-d)-P1;False;0
Cc2t;set3;(T1+d)+(P1+d);False;0
Cc2t;set3;((T1-P1)+d)+P1;False;0
Cc2t;set3;(T1-d)-(P1+d);False;0
Cc2t;set3;(T1+d)-(T1-P1);False;0
Cc2t;set3;(T1+P1)-(T1-d);False;0
Cc2t;set3;(T1+P1)+(P1-d);False;0
Cc2t;set3;P1-(T1-(T1-d));False;0
Cc2t;set3;((T1+P1)-d)-P1;False;0
Cc2t;set3;T1+((T1-P1)+d);False;0
Cc2t;set3;((T1-d)+P1)-T1;False;0
Cc2t;set3;((T1+d)-P1)-d;False;0
Cc2t;set3;P1-((T1+d)-T1);False;0
Cc2t;set3;((T1+P1)+P1)+d;False;0
Cc2t;set3;(T1+(P1-d))-P1;False;0
Cc2t;set3;((T1+P1)+d)-P1;False;0
Cc2t;set3;T1-((T1-d)-P1);False;0
Cc2t;set3;(T1+(T1-P1))-d;True;0
Cc2t;set3;((T1-P1)-d)-d;False;0
Cc2t;set3;(T1+d)+(P1-d);False;0
Cc2t;set3;((T1+P1)-T1)-d;False;0
Cc2t;set3;((T1+P1)-d)+d;False;0
Cc2t;set3;((T1+P1)-P1)+d;False;0
Cc2t;set3;((T1-d)-d)+P1;False;0
Cc2t;set3;(T1-(P1-d))-P1;False;0
Cc2t;set3;((T1+P1)+d)-d;False;0
Cc2t;set3;T1-(P1+(P1-d));False;0
Cc2t;set3;(T1-d)+(P1+d);False;0
Cc2t;set3;(T1+P1)+(T1+d);False;0
Cc2t;set3;(T1+(P1+d))+T1;False;0
Cc2t;set3;((T1-P1)+P1)+d;False;0
Cc2t;set3;T1+(T1-(P1-d));False;0
Cc2t;set3;T1+((T1-d)-P1);False;0
Cc2t;set3;(T1-P1)-(P1+d);False;0
Cc2t;set3;(T1+d)-(P1-d);False;0
Cc2t;set3;((T1+d)+P1)-d;False;0
Cc2t;set3;(T1+(T1-d))+P1;False;0
Cc2t;set3;(T1+(P1-d))-d;False;0
Cc2t;set3;((T1+P1)+d)+P1;False;0
Cc2t;set3;((T1-P1)-P1)+d;False;0
Cc2t;set3;((T1-d)+d)-P1;False;0
Cc2t;set3;T1-((T1-P1)-d);False;0
Cc2t;set3;((T1+d)+P1)+P1;False;0
Cc2t;set3;((T1-P1)-d)+P1;False;0
Cc2t;set3;((T1+d)+P1)-T1;False;0
Cc2t;set3;(T1+(P1+d))-P1;False;0
Cc2t;set3;T1+((P1-d)+d);False;0
Cc2t;set3;((T1-d)+P1)+P1;False;0
Cc2t;set3;((T1+d)-P1)+d;False;0
Cc2t;set3;((T1+d)+T1)+P1;False;0
Cc2t;set3;(T1+(P1-d))+T1;False;0
Cc2t;set3;(T1+d)-(P1+d);False;0
Cc2t;set3;(T1-(P1-d))+P1;False;0
Cc2t;set3;(T1+(P1+d))-d;False;0
Cc2t;set3;T1-((P1-d)+d);False;0
Cc2t;set3;(T1-(P1-d))-d;False;1
Cc2t;set3;((T1-d)-P1)+d;False;0
Cc2t;set3;P1+((T1+d)-T1);False;0
Cc2t;set3;(T1-(T1-P1))+d;False;0
Cc2t;set3;((T1+d)-P1)-P1;False;0
Cc1p;set0;T1+d;True;0
Cc1p;set0;T1+P1;False;0
Cc1p;set0;P1-d;True;8
Cc1p;set0;T1-P1;False;9
Cc1p;set0;P1+d;False;1
Cc1p;set0;T1-d;True;77
Cc1p;set1;T1+(P1+d);False;0
Cc1p;set1;(T1+d)+P1;False;0
Cc1p;set1;(T1+P1)-d;False;5
Cc1p;set1;T1-(P1-d);False;1
Cc1p;set1;(T1+d)-P1;False;0
Cc1p;set1;(T1-P1)-d;True;36
Cc1p;set1;(T1-P1)+d;False;3
Cc1p;set1;(T1-d)+P1;False;0
Cc1p;set1;T1+(P1-d);False;0
Cc1p;set1;(T1+P1)+d;False;1
Cc1p;set1;(T1-d)-P1;True;7
Cc1p;set1;T1-(P1+d);False;0
Cc1p;set2;T1+(T1-d);False;0
Cc1p;set2;d-(P1-d);False;1
Cc1p;set2;P1+(P1-d);False;0
Cc1p;set2;(T1-d)-d;True;0
Cc1p;set2;(T1+d)-d;True;0
Cc1p;set2;T1-(T1-d);True;0
Cc1p;set2;(T1+P1)-P1;False;0
Cc1p;set2;(T1+P1)-T1;False;0
Cc1p;set2;(T1+P1)+T1;False;0
Cc1p;set2;(T1+P1)+P1;False;0
Cc1p;set2;T1-(T1-P1);False;3
Cc1p;set2;(T1-P1)-P1;False;0
Cc1p;set2;(T1-P1)+P1;False;0
Cc1p;set2;(T1+d)+d;False;0
Cc1p;set2;(P1+d)+P1;False;0
Cc1p;set2;(T1+d)-T1;True;0
Cc1p;set2;P1-(P1-d);False;0
Cc1p;set2;(P1+d)-P1;False;0
Cc1p;set2;(T1-d)+d;False;0
Cc1p;set2;(P1+d)+d;False;0
Cc1p;set2;d+(P1-d);False;0
Cc1p;set2;T1+(T1-P1);False;0
Cc1p;set2;(P1+d)-d;False;0
Cc1p;set2;(T1+d)+T1;False;0
Cc1p;set3;(T1+d)+(T1-P1);False;0
Cc1p;set3;((T1-d)+P1)+d;False;0
Cc1p;set3;T1-((P1+d)-d);False;0
Cc1p;set3;T1+((P1+d)-P1);False;0
Cc1p;set3;(T1+P1)-(P1-d);False;0
Cc1p;set3;T1-((P1+d)-P1);False;0
Cc1p;set3;(T1+(T1-P1))+d;False;0
Cc1p;set3;P1-(T1-(P1+d));False;0
Cc1p;set3;(T1-d)+(T1-P1);False;0
Cc1p;set3;T1+((T1+d)-P1);False;0
Cc1p;set3;((T1+P1)+T1)-d;False;0
Cc1p;set3;T1+(P1+(P1-d));False;0
Cc1p;set3;((T1+d)+P1)+d;False;0
Cc1p;set3;T1+((P1+d)+d);False;0
Cc1p;set3;(T1+P1)+(T1-d);False;0
Cc1p;set3;(T1+(T1-d))+P1;False;0
Cc1p;set3;T1+((P1+d)-d);False;0
Cc1p;set3;(T1+P1)-(T1+d);False;0
Cc1p;set3;((T1-P1)+d)-d;False;0
Cc1p;set3;((T1-P1)+P1)-d;False;0
Cc1p;set3;P1+(T1-(T1-d));False;0
Cc1p;set3;(T1+P1)+(P1+d);False;0
Cc1p;set3;((T1+P1)+d)+d;False;0
Cc1p;set3;((T1+P1)-d)+T1;False;0
Cc1p;set3;(T1-(P1-d))+d;False;0
Cc1p;set3;(T1+(P1-d))-T1;False;0
Cc1p;set3;T1-(d+(P1-d));False;0
Cc1p;set3;P1-((T1-d)-P1);True;0
Cc1p;set3;((T1-d)+P1)-P1;False;0
Cc1p;set3;((T1-d)-P1)-d;False;0
Cc1p;set3;((P1+d)+P1)+T1;False;0
Cc1p;set3;T1+(P1-(P1-d));False;0
Cc1p;set3;(T1-d)-(P1-d);False;0
Cc1p;set3;(T1-P1)-(P1-d);False;1
Cc1p;set3;T1-((P1+d)+d);False;0
Cc1p;set3;((T1+d)+T1)-P1;False;0
Cc1p;set3;(T1+(P1+d))+P1;False;0
Cc1p;set3;(T1+(P1+d))-T1;False;0
Cc1p;set3;T1+(T1-(P1+d));False;0
Cc1p;set3;P1+((T1-P1)-d);False;0
Cc1p;set3;((T1-P1)+d)-P1;False;0
Cc1p;set3;((T1+P1)+T1)+d;False;0
Cc1p;set3;((T1+d)+d)+P1;False;0
Cc1p;set3;(T1-(P1+d))+d;False;0
Cc1p;set3;(T1-P1)+(P1-d);False;2
Cc1p;set3;((T1+d)-d)+P1;False;0
Cc1p;set3;((T1-d)+P1)-d;False;0
Cc1p;set3;(T1+P1)-(P1+d);False;0
Cc1p;set3;((T1+P1)+P1)-d;False;0
Cc1p;set3;T1+((T1-P1)-d);False;0
Cc1p;set3;(T1+(P1+d))+d;False;0
Cc1p;set3;((T1-d)-d)-P1;False;0
Cc1p;set3;((T1+P1)-P1)-d;False;0
Cc1p;set3;T1+(d+(P1-d));False;0
Cc1p;set3;T1-((T1-P1)+d);False;0
Cc1p;set3;T1-(T1-(P1+d));False;0
Cc1p;set3;d+((T1-P1)-P1);False;0
Cc1p;set3;((T1+d)+P1)+T1;False;0
Cc1p;set3;(T1+d)+(P1+d);False;0
Cc1p;set3;(T1+(T1-d))-P1;False;0
Cc1p;set3;((T1+d)+P1)-P1;False;0
Cc1p;set3;((T1+d)-P1)+P1;False;0
Cc1p;set3;((T1-d)+P1)+T1;False;0
Cc1p;set3;((T1+P1)-d)+P1;False;0
Cc1p;set3;((T1+P1)+d)-T1;True;0
Cc1p;set3;(T1-d)+(P1-d);False;0
Cc1p;set3;((T1-P1)+d)+d;False;0
Cc1p;set3;(T1-(T1-P1))-d;True;0
Cc1p;set3;(T1-d)-(T1-P1);True;97
Cc1p;set3;((T1-P1)-d)+d;False;0
Cc1p;set3;T1-((T1+d)-P1);False;0
Cc1p;set3;T1-(d-(P1-d));False;0
Cc1p;set3;(T1+(P1-d))+d;False;0
Cc1p;set3;((T1+P1)-d)-T1;True;0
Cc1p;set3;((T1+P1)-T1)+d;False;0
Cc1p;set3;T1-(T1-(P1-d));False;0
Cc1p;set3;T1-(P1-(P1-d));False;0
Cc1p;set3;((T1-d)+d)+P1;False;0
Cc1p;set3;((T1-P1)+d)+P1;False;0
Cc1p;set3;((P1+d)+P1)-T1;False;0
Cc1p;set3;((T1+d)-d)-P1;False;0
Cc1p;set3;(T1+(P1-d))+P1;False;0
Cc1p;set3;(T1-(P1+d))-d;False;0
Cc1p;set3;(T1-d)-(P1+d);False;0
Cc1p;set3;(T1+d)-(T1-P1);True;0
Cc1p;set3;P1+((T1-d)-P1);False;0
Cc1p;set3;(T1+P1)-(T1-d);False;0
Cc1p;set3;(P1+d)-(T1-P1);False;0
Cc1p;set3;P1-(T1-(T1-d));True;0
Cc1p;set3;((T1+P1)-d)-P1;True;0
Cc1p;set3;T1+((T1-P1)+d);False;0
Cc1p;set3;((T1-d)+P1)-T1;False;0
Cc1p;set3;d-((T1-P1)-P1);False;0
Cc1p;set3;P1+(T1-(P1+d));False;0
Cc1p;set3;P1-((T1+d)-T1);True;0
Cc1p;set3;((T1+P1)+P1)+d;False;0
Cc1p;set3;(T1+(P1-d))-P1;False;0
Cc1p;set3;((T1+P1)+d)-P1;False;0
Cc1p;set3;T1-((T1-d)-P1);False;0
Cc1p;set3;(T1+(T1-P1))-d;False;0
Cc1p;set3;((T1-P1)-d)-d;False;0
Cc1p;set3;((T1+P1)-T1)-d;False;0
Cc1p;set3;((T1+P1)-d)+d;False;0
Cc1p;set3;((T1+P1)-P1)+d;False;0
Cc1p;set3;((T1-d)-d)+P1;False;0
Cc1p;set3;(T1-(P1-d))-P1;False;0
Cc1p;set3;((T1+d)-P1)-d;False;0
Cc1p;set3;T1-(P1+(P1-d));False;0
Cc1p;set3;(T1-d)+(P1+d);False;0
Cc1p;set3;(T1+P1)+(T1+d);False;0
Cc1p;set3;(T1+(P1+d))+T1;False;0
Cc1p;set3;((T1-P1)+P1)+d;False;0
Cc1p;set3;T1+(T1-(P1-d));False;0
Cc1p;set3;T1+((T1-d)-P1);False;0
Cc1p;set3;(T1+d)-(P1-d);False;0
Cc1p;set3;((T1+P1)+d)-d;False;0
Cc1p;set3;((T1+P1)-d)-d;True;0
Cc1p;set3;(P1+d)+(T1-P1);False;0
Cc1p;set3;((T1+P1)+d)+T1;False;0
Cc1p;set3;(T1+(P1-d))-d;False;0
Cc1p;set3;((T1+P1)+d)+P1;False;0
Cc1p;set3;((T1+d)+d)-P1;False;0
Cc1p;set3;((T1+d)+P1)-d;False;0
Cc1p;set3;((T1-d)+d)-P1;False;0
Cc1p;set3;T1-((T1-P1)-d);False;0
Cc1p;set3;((T1+d)+P1)+P1;False;0
Cc1p;set3;((T1+d)+P1)-T1;False;0
Cc1p;set3;(T1+(P1+d))-P1;False;0
Cc1p;set3;(T1+d)+(P1-d);False;0
Cc1p;set3;((T1-d)+P1)+P1;False;0
Cc1p;set3;(T1+P1)+(P1-d);False;0
Cc1p;set3;T1+(d-(P1-d));False;0
Cc1p;set3;((T1+d)-P1)+d;False;0
Cc1p;set3;((T1+d)+T1)+P1;False;0
Cc1p;set3;(T1+(P1-d))+T1;False;0
Cc1p;set3;(T1+d)-(P1+d);False;0
Cc1p;set3;(T1-(P1-d))+P1;False;0
Cc1p;set3;(T1+(P1+d))-d;False;0
Cc1p;set3;(T1-(P1-d))-d;False;0
Cc1p;set3;((T1-d)-P1)+d;False;0
Cc1p;set3;P1+((T1+d)-T1);False;0
Cc1p;set3;P1-((T1-P1)-d);False;0
Cc1p;set3;(T1-(T1-P1))+d;False;0
Cc1p;set3;((T1+d)-P1)-P1;False;0
Tc1t;set0;T1+d;True;12
Tc1t;set0;T1+P1;True;3
Tc1t;set0;P1-d;True;14
Tc1t;set0;T1-P1;False;0
Tc1t;set0;P1+d;True;10
Tc1t;set0;T1-d;True;123
Tc1t;set1;T1+(P1+d);True;0
Tc1t;set1;(T1+d)+P1;False;0
Tc1t;set1;(T1+P1)-d;True;10
Tc1t;set1;T1-(P1-d);True;0
Tc1t;set1;(T1+d)-P1;False;0
Tc1t;set1;(T1-P1)-d;True;13
Tc1t;set1;(T1-P1)+d;True;6
Tc1t;set1;(T1-d)+P1;True;4
Tc1t;set1;T1+(P1-d);True;7
Tc1t;set1;(T1+P1)+d;True;2
Tc1t;set1;(T1-d)-P1;False;1
Tc1t;set1;T1-(P1+d);True;0
Tc1t;set2;T1+(T1-d);True;0
Tc1t;set2;P1+(P1-d);True;2
Tc1t;set2;(T1-d)-d;False;0
Tc1t;set2;(P1-d)+d;True;0
Tc1t;set2;(T1+d)-d;False;0
Tc1t;set2;T1-(T1-d);False;0
Tc1t;set2;(T1+P1)-P1;False;0
Tc1t;set2;(T1+P1)-T1;False;0
Tc1t;set2;(T1+P1)+T1;False;0
Tc1t;set2;(P1-d)-d;False;0
Tc1t;set2;(T1+P1)+P1;False;0
Tc1t;set2;T1-(T1-P1);False;0
Tc1t;set2;(T1-P1)-P1;False;1
Tc1t;set2;(T1-P1)+P1;True;0
Tc1t;set2;(T1+d)+d;False;0
Tc1t;set2;(P1+d)+P1;True;0
Tc1t;set2;(T1+d)-T1;False;0
Tc1t;set2;P1-(P1-d);True;0
Tc1t;set2;(P1+d)-P1;True;0
Tc1t;set2;(T1-d)+d;False;0
Tc1t;set2;(P1+d)+d;False;0
Tc1t;set2;T1+(T1-P1);True;0
Tc1t;set2;(P1+d)-d;False;0
Tc1t;set2;(T1+d)+T1;False;0
Tc1t;set3;(T1+d)+(T1-P1);True;0
Tc1t;set3;((T1-d)+P1)+d;False;0
Tc1t;set3;T1-((P1+d)-d);False;0
Tc1t;set3;T1+((P1+d)-P1);False;0
Tc1t;set3;(T1+P1)-(P1-d);True;0
Tc1t;set3;T1-((P1+d)-P1);False;0
Tc1t;set3;(T1+(T1-P1))+d;True;0
Tc1t;set3;P1-(T1-(P1+d));False;0
Tc1t;set3;(T1-d)+(T1-P1);True;0
Tc1t;set3;T1+((T1+d)-P1);False;0
Tc1t;set3;((T1+P1)+T1)-d;False;0
Tc1t;set3;T1+(P1+(P1-d));False;0
Tc1t;set3;((T1+d)+P1)+d;False;0
Tc1t;set3;T1+((P1+d)+d);False;0
Tc1t;set3;(T1+P1)+(T1-d);False;0
Tc1t;set3;(T1+d)+(P1+d);False;0
Tc1t;set3;T1+((P1+d)-d);False;0
Tc1t;set3;(T1+P1)-(T1+d);False;0
Tc1t;set3;((T1-P1)+d)-d;False;0
Tc1t;set3;((T1-P1)+P1)-d;True;0
Tc1t;set3;P1+(T1-(T1-d));False;0
Tc1t;set3;(T1+P1)+(P1+d);False;0
Tc1t;set3;((T1+P1)+d)+d;False;0
Tc1t;set3;(T1-(P1-d))+d;False;0
Tc1t;set3;(T1+(P1-d))-T1;False;0
Tc1t;set3;P1-((T1-d)-P1);False;0
Tc1t;set3;((T1-d)+P1)-P1;False;0
Tc1t;set3;((T1-d)-P1)-d;False;0
Tc1t;set3;((P1+d)+P1)+T1;False;0
Tc1t;set3;T1+(P1-(P1-d));False;0
Tc1t;set3;(T1-d)-(P1-d);False;0
Tc1t;set3;(T1-P1)-(P1-d);False;0
Tc1t;set3;T1-((P1+d)+d);False;0
Tc1t;set3;((T1+d)+T1)-P1;False;0
Tc1t;set3;(T1+(P1+d))+P1;False;0
Tc1t;set3;(T1+(P1+d))-T1;False;0
Tc1t;set3;T1+(T1-(P1+d));False;0
Tc1t;set3;P1+((T1-P1)-d);True;3
Tc1t;set3;((T1-P1)+d)-P1;False;0
Tc1t;set3;((T1+P1)+T1)+d;False;0
Tc1t;set3;((T1+d)+d)+P1;False;0
Tc1t;set3;(T1-(P1+d))+d;False;0
Tc1t;set3;(T1-P1)+(P1-d);True;42
Tc1t;set3;((T1+d)-d)+P1;False;0
Tc1t;set3;((T1-d)+P1)-d;False;0
Tc1t;set3;(T1+P1)-(P1+d);True;0
Tc1t;set3;((T1+P1)+P1)-d;False;0
Tc1t;set3;T1+((T1-P1)-d);True;0
Tc1t;set3;(T1+(P1+d))+d;False;0
Tc1t;set3;((T1-d)-d)-P1;False;0
Tc1t;set3;((T1+P1)-P1)-d;False;0
Tc1t;set3;T1-((T1-P1)+d);True;0
Tc1t;set3;T1-(T1-(P1+d));False;0
Tc1t;set3;d+((T1-P1)-P1);False;0
Tc1t;set3;((T1+P1)+d)+T1;False;0
Tc1t;set3;((T1+P1)-d)+T1;False;0
Tc1t;set3;T1+((P1-d)-d);False;0
Tc1t;set3;(T1+(T1-d))-P1;False;0
Tc1t;set3;((T1+d)+P1)-P1;False;0
Tc1t;set3;T1-((P1-d)-d);False;0
Tc1t;set3;((T1+d)-P1)+P1;False;0
Tc1t;set3;((T1-d)+P1)+T1;False;0
Tc1t;set3;((T1+P1)-d)+P1;False;0
Tc1t;set3;((T1+P1)+d)-T1;False;0
Tc1t;set3;(T1-d)+(P1-d);True;0
Tc1t;set3;((T1-P1)+d)+d;False;0
Tc1t;set3;(T1-(T1-P1))-d;False;0
Tc1t;set3;(T1-d)-(T1-P1);False;0
Tc1t;set3;((T1-P1)-d)+d;True;0
Tc1t;set3;T1-((T1+d)-P1);False;0
Tc1t;set3;(T1+(P1-d))+d;False;0
Tc1t;set3;((T1+P1)-d)-T1;False;0
Tc1t;set3;((T1+P1)-T1)+d;False;0
Tc1t;set3;T1-(T1-(P1-d));False;0
Tc1t;set3;T1-(P1-(P1-d));True;0
Tc1t;set3;((T1-d)+d)+P1;False;0
Tc1t;set3;((T1+d)+P1)+T1;False;0
Tc1t;set3;(T1-(P1+d))-d;False;0
Tc1t;set3;((P1+d)+P1)-T1;False;0
Tc1t;set3;((T1+d)-d)-P1;False;0
Tc1t;set3;(T1+(P1-d))+P1;False;0
Tc1t;set3;((T1-P1)+d)+P1;True;0
Tc1t;set3;(T1-d)-(P1+d);False;0
Tc1t;set3;(T1+d)-(T1-P1);False;0
Tc1t;set3;P1+((T1-d)-P1);False;0
Tc1t;set3;(T1+P1)-(T1-d);False;0
Tc1t;set3;(P1+d)-(T1-P1);False;0
Tc1t;set3;P1-(T1-(T1-d));False;0
Tc1t;set3;((T1+P1)-d)-P1;False;0
Tc1t;set3;T1+((T1-P1)+d);False;0
Tc1t;set3;((T1-d)+P1)-T1;False;0
Tc1t;set3;d-((T1-P1)-P1);False;0
Tc1t;set3;P1+(T1-(P1+d));False;0
Tc1t;set3;P1-((T1+d)-T1);False;0
Tc1t;set3;((T1+P1)+P1)+d;False;0
Tc1t;set3;(T1+(P1-d))-P1;False;0
Tc1t;set3;((T1+P1)+d)-P1;False;0
Tc1t;set3;T1-((T1-d)-P1);False;0
Tc1t;set3;(T1+(T1-P1))-d;True;0
Tc1t;set3;((T1-P1)-d)-d;True;0
Tc1t;set3;(T1+d)+(P1-d);False;0
Tc1t;set3;((T1+P1)-T1)-d;False;0
Tc1t;set3;((T1+P1)-d)+d;False;0
Tc1t;set3;((T1+P1)-P1)+d;False;0
Tc1t;set3;((T1-d)-d)+P1;False;0
Tc1t;set3;(T1-(P1-d))-P1;False;0
Tc1t;set3;((T1+d)-P1)-d;False;0
Tc1t;set3;T1-(P1+(P1-d));False;0
Tc1t;set3;(T1-d)+(P1+d);False;0
Tc1t;set3;(T1+P1)+(T1+d);False;0
Tc1t;set3;(T1+(P1+d))+T1;False;0
Tc1t;set3;((T1-P1)+P1)+d;False;0
Tc1t;set3;T1+(T1-(P1-d));False;0
Tc1t;set3;T1+((T1-d)-P1);False;0
Tc1t;set3;(T1+d)-(P1-d);False;0
Tc1t;set3;((T1+P1)+d)-d;False;0
Tc1t;set3;((T1+P1)-d)-d;False;0
Tc1t;set3;(P1+d)+(T1-P1);True;0
Tc1t;set3;(T1+(T1-d))+P1;False;0
Tc1t;set3;(T1+(P1-d))-d;False;0
Tc1t;set3;((T1+P1)+d)+P1;False;0
Tc1t;set3;((T1+d)+d)-P1;False;0
Tc1t;set3;((T1+d)+P1)-d;False;0
Tc1t;set3;((T1-d)+d)-P1;False;0
Tc1t;set3;T1-((T1-P1)-d);True;1
Tc1t;set3;((T1+d)+P1)+P1;False;0
Tc1t;set3;((T1+d)+P1)-T1;False;0
Tc1t;set3;(T1+(P1+d))-P1;False;0
Tc1t;set3;T1+((P1-d)+d);False;0
Tc1t;set3;((T1-d)+P1)+P1;False;0
Tc1t;set3;(T1+P1)+(P1-d);False;0
Tc1t;set3;((T1+d)-P1)+d;False;0
Tc1t;set3;((T1+d)+T1)+P1;False;0
Tc1t;set3;(T1+(P1-d))+T1;False;0
Tc1t;set3;(T1+d)-(P1+d);False;0
Tc1t;set3;(T1-(P1-d))+P1;False;0
Tc1t;set3;(T1+(P1+d))-d;False;0
Tc1t;set3;T1-((P1-d)+d);False;0
Tc1t;set3;(T1-(P1-d))-d;False;0
Tc1t;set3;((T1-d)-P1)+d;False;0
Tc1t;set3;P1+((T1+d)-T1);False;0
Tc1t;set3;P1-((T1-P1)-d);False;0
Tc1t;set3;(T1-(T1-P1))+d;False;0
Tc1t;set3;((T1+d)-P1)-P1;False;0
Tc3t;set0;T1+d;True;3
Tc3t;set0;T1+P1;True;1
Tc3t;set0;P1-d;True;39
Tc3t;set0;T1-P1;True;6
Tc3t;set0;P1+d;True;4
Tc3t;set0;T1-d;True;132
Tc3t;set1;T1+(P1+d);True;0
Tc3t;set1;(T1+d)+P1;False;0
Tc3t;set1;(T1+P1)-d;True;17
Tc3t;set1;T1-(P1-d);True;2
Tc3t;set1;(T1+d)-P1;False;1
Tc3t;set1;(T1-P1)-d;True;8
Tc3t;set1;(T1-P1)+d;True;0
Tc3t;set1;(T1-d)+P1;True;1
Tc3t;set1;T1+(P1-d);True;1
Tc3t;set1;(T1+P1)+d;True;0
Tc3t;set1;(T1-d)-P1;False;0
Tc3t;set1;T1-(P1+d);True;0
Tc3t;set2;T1+(T1-d);True;0
Tc3t;set2;P1+(P1-d);True;0
Tc3t;set2;(T1-d)-d;False;0
Tc3t;set2;(P1-d)+d;True;0
Tc3t;set2;(T1+d)-d;False;1
Tc3t;set2;T1-(T1-d);False;0
Tc3t;set2;(T1+P1)-P1;False;0
Tc3t;set2;(T1+P1)-T1;False;0
Tc3t;set2;(T1+P1)+T1;False;0
Tc3t;set2;(P1-d)-d;False;0
Tc3t;set2;(T1+P1)+P1;False;0
Tc3t;set2;T1-(T1-P1);False;0
Tc3t;set2;(T1-P1)-P1;False;0
Tc3t;set2;(T1-P1)+P1;True;0
Tc3t;set2;(T1+d)+d;False;0
Tc3t;set2;(P1+d)+P1;True;0
Tc3t;set2;(T1+d)-T1;False;0
Tc3t;set2;P1-(P1-d);True;0
Tc3t;set2;(P1+d)-P1;True;0
Tc3t;set2;(T1-d)+d;False;0
Tc3t;set2;(P1+d)+d;False;0
Tc3t;set2;T1+(T1-P1);True;0
Tc3t;set2;(P1+d)-d;False;0
Tc3t;set2;(T1+d)+T1;False;0
Tc3t;set3;(T1+d)+(T1-P1);True;0
Tc3t;set3;((T1-d)+P1)+d;False;0
Tc3t;set3;T1-((P1+d)-d);False;0
Tc3t;set3;T1+((P1+d)-P1);False;0
Tc3t;set3;(T1+P1)-(P1-d);True;0
Tc3t;set3;T1-((P1+d)-P1);False;0
Tc3t;set3;(T1+(T1-P1))+d;True;0
Tc3t;set3;P1-(T1-(P1+d));False;0
Tc3t;set3;(T1-d)+(T1-P1);True;0
Tc3t;set3;T1+((T1+d)-P1);False;0
Tc3t;set3;((T1+P1)+T1)-d;False;0
Tc3t;set3;T1+(P1+(P1-d));False;0
Tc3t;set3;((T1+d)+P1)+d;False;0
Tc3t;set3;T1+((P1+d)+d);False;0
Tc3t;set3;T1-((P1+d)+P1);False;0
Tc3t;set3;(T1+P1)+(T1-d);False;0
Tc3t;set3;T1+((P1+d)-d);False;0
Tc3t;set3;(T1+P1)-(T1+d);False;0
Tc3t;set3;((T1-P1)+d)-d;False;0
Tc3t;set3;((T1-P1)+P1)-d;True;0
Tc3t;set3;P1+(T1-(T1-d));False;0
Tc3t;set3;(T1+P1)+(P1+d);False;0
Tc3t;set3;((T1+P1)+d)+d;False;0
Tc3t;set3;(T1-(P1-d))+d;False;0
Tc3t;set3;(T1+(P1-d))-T1;False;0
Tc3t;set3;P1-((T1-d)-P1);False;0
Tc3t;set3;T1+((P1+d)+P1);False;0
Tc3t;set3;((T1-d)+P1)-P1;False;0
Tc3t;set3;((T1-d)-P1)-d;False;0
Tc3t;set3;T1+(P1-(P1-d));False;0
Tc3t;set3;(T1-d)-(P1-d);False;0
Tc3t;set3;T1+((P1-d)-d);False;0
Tc3t;set3;(T1-P1)-(P1-d);False;1
Tc3t;set3;T1-((P1+d)+d);False;0
Tc3t;set3;((T1+d)+T1)-P1;False;0
Tc3t;set3;((T1+P1)-T1)+d;False;0
Tc3t;set3;(T1+(P1+d))+P1;False;0
Tc3t;set3;(T1+(P1+d))-T1;False;0
Tc3t;set3;T1+(T1-(P1+d));False;0
Tc3t;set3;P1+((T1-P1)-d);False;5
Tc3t;set3;((T1-P1)+d)-P1;False;0
Tc3t;set3;((T1+P1)+T1)+d;False;0
Tc3t;set3;((T1+d)+d)+P1;False;0
Tc3t;set3;(T1-(P1+d))+d;False;0
Tc3t;set3;(T1-P1)+(P1-d);True;10
Tc3t;set3;((T1+d)-d)+P1;False;0
Tc3t;set3;((T1-d)+P1)-d;False;0
Tc3t;set3;(T1+P1)-(P1+d);True;0
Tc3t;set3;((T1+P1)+P1)-d;False;0
Tc3t;set3;T1+((T1-P1)-d);True;0
Tc3t;set3;(T1+(P1+d))+d;False;0
Tc3t;set3;((T1-d)-d)-P1;False;0
Tc3t;set3;((T1+P1)-P1)-d;False;0
Tc3t;set3;T1-((T1-P1)+d);True;0
Tc3t;set3;T1-(T1-(P1+d));False;0
Tc3t;set3;d+((T1-P1)-P1);False;0
Tc3t;set3;((T1+P1)+d)+T1;False;0
Tc3t;set3;((T1+P1)-d)+T1;False;0
Tc3t;set3;(T1+(P1-d))+P1;False;0
Tc3t;set3;(T1+(T1-d))-P1;False;0
Tc3t;set3;((T1+d)+P1)-P1;False;0
Tc3t;set3;T1-((P1-d)-d);False;0
Tc3t;set3;((T1+d)-P1)+P1;False;0
Tc3t;set3;((T1-d)+P1)+T1;False;0
Tc3t;set3;((T1+P1)-d)+P1;False;0
Tc3t;set3;((T1+P1)+d)-T1;False;0
Tc3t;set3;(T1-d)+(P1-d);True;0
Tc3t;set3;((T1-P1)+d)+d;False;0
Tc3t;set3;(T1-(T1-P1))-d;False;0
Tc3t;set3;(T1-d)-(T1-P1);False;0
Tc3t;set3;((T1-P1)-d)+d;True;0
Tc3t;set3;T1-((T1+d)-P1);False;0
Tc3t;set3;(T1+(P1-d))+d;False;0
Tc3t;set3;((T1+P1)-d)-T1;False;0
Tc3t;set3;(T1-P1)+(P1+d);False;0
Tc3t;set3;T1-(T1-(P1-d));False;0
Tc3t;set3;T1-(P1-(P1-d));True;0
Tc3t;set3;((T1-d)+d)+P1;False;0
Tc3t;set3;((T1+d)+P1)+T1;False;0
Tc3t;set3;(T1-(P1+d))-d;False;0
Tc3t;set3;((T1+d)-d)-P1;False;0
Tc3t;set3;(T1+d)+(P1+d);False;0
Tc3t;set3;((T1-P1)+d)+P1;True;0
Tc3t;set3;(T1-d)-(P1+d);False;0
Tc3t;set3;(T1+d)-(T1-P1);False;0
Tc3t;set3;P1+((T1-d)-P1);False;0
Tc3t;set3;(T1+P1)-(T1-d);False;0
Tc3t;set3;(P1+d)-(T1-P1);False;0
Tc3t;set3;P1-(T1-(T1-d));False;0
Tc3t;set3;((T1+P1)-d)-P1;False;0
Tc3t;set3;T1+((T1-P1)+d);False;0
Tc3t;set3;((T1-d)+P1)-T1;False;0
Tc3t;set3;d-((T1-P1)-P1);False;0
Tc3t;set3;P1+(T1-(P1+d));False;0
Tc3t;set3;P1-((T1+d)-T1);False;0
Tc3t;set3;((T1+P1)+P1)+d;False;0
Tc3t;set3;(T1+(P1-d))-P1;False;0
Tc3t;set3;((T1+P1)+d)-P1;False;0
Tc3t;set3;T1-((T1-d)-P1);False;0
Tc3t;set3;(T1+(T1-P1))-d;True;0
Tc3t;set3;((T1-P1)-d)-d;True;0
Tc3t;set3;(T1+d)+(P1-d);False;0
Tc3t;set3;((T1+P1)-T1)-d;False;0
Tc3t;set3;((T1+P1)-d)+d;False;0
Tc3t;set3;((T1+P1)-P1)+d;False;0
Tc3t;set3;((T1-d)-d)+P1;False;0
Tc3t;set3;(T1-(P1-d))-P1;False;0
Tc3t;set3;((T1+d)-P1)-d;False;0
Tc3t;set3;T1-(P1+(P1-d));False;0
Tc3t;set3;(T1-d)+(P1+d);False;0
Tc3t;set3;(T1+P1)+(T1+d);False;0
Tc3t;set3;(T1+(P1+d))+T1;False;0
Tc3t;set3;((T1-P1)+P1)+d;False;0
Tc3t;set3;T1+(T1-(P1-d));False;0
Tc3t;set3;T1+((T1-d)-P1);False;0
Tc3t;set3;(T1-P1)-(P1+d);False;0
Tc3t;set3;(T1+d)-(P1-d);False;0
Tc3t;set3;((T1+P1)+d)-d;False;0
Tc3t;set3;((T1+P1)-d)-d;False;0
Tc3t;set3;(P1+d)+(T1-P1);False;0
Tc3t;set3;(T1+(T1-d))+P1;False;0
Tc3t;set3;(T1+(P1-d))-d;False;0
Tc3t;set3;((T1+P1)+d)+P1;False;0
Tc3t;set3;((T1+d)+d)-P1;False;0
Tc3t;set3;((T1+d)+P1)-d;False;0
Tc3t;set3;((T1-d)+d)-P1;False;0
Tc3t;set3;T1-((T1-P1)-d);True;0
Tc3t;set3;((T1+d)+P1)+P1;False;0
Tc3t;set3;((T1+d)+P1)-T1;False;0
Tc3t;set3;(T1+(P1+d))-P1;False;0
Tc3t;set3;T1+((P1-d)+d);False;0
Tc3t;set3;((T1-d)+P1)+P1;False;0
Tc3t;set3;(T1+P1)+(P1-d);False;0
Tc3t;set3;((T1+d)-P1)+d;False;0
Tc3t;set3;((T1+d)+T1)+P1;False;0
Tc3t;set3;(T1+(P1-d))+T1;False;0
Tc3t;set3;(T1+d)-(P1+d);False;0
Tc3t;set3;(T1-(P1-d))+P1;False;0
Tc3t;set3;(T1+(P1+d))-d;False;0
Tc3t;set3;T1-((P1-d)+d);False;0
Tc3t;set3;(T1-(P1-d))-d;False;0
Tc3t;set3;((T1-d)-P1)+d;False;0
Tc3t;set3;P1+((T1+d)-T1);False;0
Tc3t;set3;P1-((T1-P1)-d);False;0
Tc3t;set3;(T1-(T1-P1))+d;False;0
Tc3t;set3;((T1+d)-P1)-P1;False;0
Cc3t;set0;T1+d;True;0
Cc3t;set0;T1+P1;False;2
Cc3t;set0;P1-d;True;6
Cc3t;set0;T1-P1;False;5
Cc3t;set0;P1+d;True;2
Cc3t;set0;T1-d;True;20
Cc3t;set1;T1+(P1+d);True;0
Cc3t;set1;(T1+d)+P1;False;0
Cc3t;set1;(T1+P1)-d;True;4
Cc3t;set1;T1-(P1-d);True;1
Cc3t;set1;(T1+d)-P1;False;0
Cc3t;set1;(T1-P1)-d;False;0
Cc3t;set1;(T1-P1)+d;True;5
Cc3t;set1;(T1-d)+P1;False;0
Cc3t;set1;T1+(P1-d);True;6
Cc3t;set1;(T1+P1)+d;False;0
Cc3t;set1;(T1-d)-P1;False;1
Cc3t;set1;T1-(P1+d);False;0
Cc3t;set2;T1+(T1-d);True;0
Cc3t;set2;P1+(P1-d);False;6
Cc3t;set2;(T1-d)-d;False;0
Cc3t;set2;(P1-d)+d;False;0
Cc3t;set2;(T1+d)-d;False;0
Cc3t;set2;T1-(T1-d);False;0
Cc3t;set2;(T1+P1)-P1;False;0
Cc3t;set2;(T1+P1)-T1;False;0
Cc3t;set2;(T1+P1)+T1;False;0
Cc3t;set2;(P1-d)-d;False;0
Cc3t;set2;(T1+P1)+P1;False;0
Cc3t;set2;T1-(T1-P1);False;0
Cc3t;set2;(T1-P1)-P1;False;1
Cc3t;set2;(T1-P1)+P1;False;0
Cc3t;set2;(T1+d)+d;False;0
Cc3t;set2;(P1+d)+P1;False;0
Cc3t;set2;(T1+d)-T1;False;0
Cc3t;set2;P1-(P1-d);False;0
Cc3t;set2;(P1+d)-P1;False;0
Cc3t;set2;(T1-d)+d;False;0
Cc3t;set2;(P1+d)+d;False;0
Cc3t;set2;T1+(T1-P1);False;0
Cc3t;set2;(P1+d)-d;False;0
Cc3t;set2;(T1+d)+T1;False;0
Cc3t;set3;(T1+d)+(T1-P1);True;0
Cc3t;set3;((T1-d)+P1)+d;False;0
Cc3t;set3;T1-((P1+d)-d);False;0
Cc3t;set3;T1+((P1+d)-P1);False;0
Cc3t;set3;(T1+P1)-(P1-d);True;0
Cc3t;set3;T1-((P1+d)-P1);False;0
Cc3t;set3;(T1+(T1-P1))+d;False;0
Cc3t;set3;((T1+P1)-d)-d;False;0
Cc3t;set3;(T1-d)+(T1-P1);True;3
Cc3t;set3;T1+((T1+d)-P1);False;0
Cc3t;set3;((T1-d)-P1)+P1;False;0
Cc3t;set3;((T1+P1)+T1)-d;False;0
Cc3t;set3;T1+(P1+(P1-d));False;0
Cc3t;set3;((T1+d)+P1)+d;False;0
Cc3t;set3;T1+((P1+d)+d);False;0
Cc3t;set3;T1-((P1+d)+P1);False;0
Cc3t;set3;(T1+P1)+(T1-d);False;0
Cc3t;set3;T1+((P1+d)-d);False;0
Cc3t;set3;(T1+P1)-(T1+d);False;0
Cc3t;set3;((T1-P1)+d)-d;False;0
Cc3t;set3;(T1-(P1+d))+P1;False;0
Cc3t;set3;((T1-P1)+P1)-d;False;0
Cc3t;set3;P1+(T1-(T1-d));False;0
Cc3t;set3;(T1+P1)+(P1+d);False;0
Cc3t;set3;((T1+P1)+d)+d;False;0
Cc3t;set3;(T1-(P1-d))+d;False;0
Cc3t;set3;(T1+(P1-d))-T1;False;0
Cc3t;set3;T1+((P1+d)+P1);False;0
Cc3t;set3;((T1+d)+d)-P1;False;0
Cc3t;set3;((T1-d)+P1)-P1;False;0
Cc3t;set3;((T1-d)-P1)-d;False;0
Cc3t;set3;T1+(P1-(P1-d));False;0
Cc3t;set3;(T1-d)-(P1-d);False;0
Cc3t;set3;T1+((P1-d)-d);False;0
Cc3t;set3;(T1-P1)-(P1-d);False;0
Cc3t;set3;((T1-P1)-d)-P1;False;0
Cc3t;set3;T1-((P1+d)+d);False;0
Cc3t;set3;((T1+d)+T1)-P1;False;0
Cc3t;set3;((T1+P1)-T1)+d;False;0
Cc3t;set3;(T1+(P1+d))+P1;False;0
Cc3t;set3;(T1+(P1+d))-T1;False;0
Cc3t;set3;T1+(T1-(P1+d));False;0
Cc3t;set3;((T1-P1)+d)-P1;False;0
Cc3t;set3;((T1+P1)+T1)+d;False;0
Cc3t;set3;((T1+d)+d)+P1;False;0
Cc3t;set3;(T1-(P1+d))+d;False;0
Cc3t;set3;(T1-P1)+(P1-d);True;176
Cc3t;set3;((T1+d)-d)+P1;False;0
Cc3t;set3;((T1-d)+P1)-d;False;0
Cc3t;set3;(T1+P1)-(P1+d);False;0
Cc3t;set3;((T1+P1)+P1)-d;False;0
Cc3t;set3;T1+((T1-P1)-d);False;0
Cc3t;set3;(T1+(P1+d))+d;False;0
Cc3t;set3;((T1-d)-d)-P1;False;0
Cc3t;set3;((T1+P1)-P1)-d;False;0
Cc3t;set3;(T1-(P1+d))-P1;False;0
Cc3t;set3;T1-((T1-P1)+d);False;0
Cc3t;set3;T1-(T1-(P1+d));False;0
Cc3t;set3;((T1+P1)+d)+T1;False;0
Cc3t;set3;((T1+P1)-d)+T1;False;0
Cc3t;set3;(T1+(P1-d))+P1;False;0
Cc3t;set3;(T1+(T1-d))-P1;False;0
Cc3t;set3;((T1+d)+P1)-P1;False;0
Cc3t;set3;T1-((P1-d)-d);False;0
Cc3t;set3;((T1+d)-P1)+P1;False;0
Cc3t;set3;((T1-d)+P1)+T1;False;0
Cc3t;set3;((T1+P1)-d)+P1;False;0
Cc3t;set3;((T1+P1)+d)-T1;False;0
Cc3t;set3;(T1-d)+(P1-d);False;0
Cc3t;set3;((T1-P1)+d)+d;False;0
Cc3t;set3;(T1-(T1-P1))-d;False;0
Cc3t;set3;(T1-d)-(T1-P1);False;1
Cc3t;set3;((T1-P1)-d)+d;False;0
Cc3t;set3;T1-((T1+d)-P1);False;0
Cc3t;set3;(T1+(P1-d))+d;False;0
Cc3t;set3;((T1+P1)-d)-T1;False;0
Cc3t;set3;(T1-P1)+(P1+d);True;0
Cc3t;set3;T1-(T1-(P1-d));False;0
Cc3t;set3;((T1-P1)-P1)-d;False;0
Cc3t;set3;T1-(P1-(P1-d));False;0
Cc3t;set3;((T1-d)+d)+P1;False;0
Cc3t;set3;((T1+d)+P1)+T1;False;0
Cc3t;set3;(T1-(P1+d))-d;False;0
Cc3t;set3;((T1-d)-P1)-P1;False;0
Cc3t;set3;((T1+d)-d)-P1;False;0
Cc3t;set3;(T1+d)+(P1+d);False;0
Cc3t;set3;((T1-P1)+d)+P1;False;0
Cc3t;set3;(T1-d)-(P1+d);False;0
Cc3t;set3;(T1+d)-(T1-P1);False;0
Cc3t;set3;(T1+P1)-(T1-d);False;0
Cc3t;set3;(T1+P1)+(P1-d);False;0
Cc3t;set3;P1-(T1-(T1-d));False;0
Cc3t;set3;((T1+P1)-d)-P1;False;0
Cc3t;set3;T1+((T1-P1)+d);False;0
Cc3t;set3;((T1-d)+P1)-T1;False;0
Cc3t;set3;((T1+d)-P1)-d;False;0
Cc3t;set3;P1-((T1+d)-T1);False;0
Cc3t;set3;((T1+P1)+P1)+d;False;0
Cc3t;set3;(T1+(P1-d))-P1;False;0
Cc3t;set3;((T1+P1)+d)-P1;False;0
Cc3t;set3;T1-((T1-d)-P1);False;0
Cc3t;set3;(T1+(T1-P1))-d;True;0
Cc3t;set3;((T1-P1)-d)-d;False;0
Cc3t;set3;(T1+d)+(P1-d);False;0
Cc3t;set3;((T1+P1)-T1)-d;False;0
Cc3t;set3;((T1+P1)-d)+d;False;0
Cc3t;set3;((T1+P1)-P1)+d;False;0
Cc3t;set3;((T1-d)-d)+P1;False;0
Cc3t;set3;(T1-(P1-d))-P1;False;0
Cc3t;set3;((T1+P1)+d)-d;False;0
Cc3t;set3;T1-(P1+(P1-d));False;0
Cc3t;set3;(T1-d)+(P1+d);False;0
Cc3t;set3;(T1+P1)+(T1+d);False;0
Cc3t;set3;(T1+(P1+d))+T1;False;0
Cc3t;set3;((T1-P1)+P1)+d;False;0
Cc3t;set3;T1+(T1-(P1-d));False;0
Cc3t;set3;T1+((T1-d)-P1);False;0
Cc3t;set3;(T1-P1)-(P1+d);False;0
Cc3t;set3;(T1+d)-(P1-d);False;0
Cc3t;set3;((T1+d)+P1)-d;False;0
Cc3t;set3;(T1+(T1-d))+P1;False;0
Cc3t;set3;(T1+(P1-d))-d;False;0
Cc3t;set3;((T1+P1)+d)+P1;False;0
Cc3t;set3;((T1-P1)-P1)+d;False;0
Cc3t;set3;((T1-d)+d)-P1;False;0
Cc3t;set3;T1-((T1-P1)-d);False;0
Cc3t;set3;((T1+d)+P1)+P1;False;0
Cc3t;set3;((T1-P1)-d)+P1;False;0
Cc3t;set3;((T1+d)+P1)-T1;False;0
Cc3t;set3;(T1+(P1+d))-P1;False;0
Cc3t;set3;T1+((P1-d)+d);False;0
Cc3t;set3;((T1-d)+P1)+P1;False;0
Cc3t;set3;((T1+d)-P1)+d;False;0
Cc3t;set3;((T1+d)+T1)+P1;False;0
Cc3t;set3;(T1+(P1-d))+T1;False;0
Cc3t;set3;(T1+d)-(P1+d);False;0
Cc3t;set3;(T1-(P1-d))+P1;False;0
Cc3t;set3;(T1+(P1+d))-d;False;0
Cc3t;set3;T1-((P1-d)+d);False;0
Cc3t;set3;(T1-(P1-d))-d;False;0
Cc3t;set3;((T1-d)-P1)+d;False;0
Cc3t;set3;P1+((T1+d)-T1);False;0
Cc3t;set3;(T1-(T1-P1))+d;False;0
Cc3t;set3;((T1+d)-P1)-P1;False;0
Cc1t;set0;T1+d;True;1
Cc1t;set0;T1+P1;False;0
Cc1t;set0;P1-d;True;5
Cc1t;set0;T1-P1;False;3
Cc1t;set0;P1+d;True;1
Cc1t;set0;T1-d;True;22
Cc1t;set1;T1+(P1+d);True;0
Cc1t;set1;(T1+d)+P1;False;0
Cc1t;set1;(T1+P1)-d;True;1
Cc1t;set1;T1-(P1-d);True;3
Cc1t;set1;(T1+d)-P1;False;0
Cc1t;set1;(T1-P1)-d;False;2
Cc1t;set1;(T1-P1)+d;True;19
Cc1t;set1;(T1-d)+P1;False;0
Cc1t;set1;T1+(P1-d);True;2
Cc1t;set1;(T1+P1)+d;False;0
Cc1t;set1;(T1-d)-P1;False;0
Cc1t;set1;T1-(P1+d);False;0
Cc1t;set2;T1+(T1-d);True;0
Cc1t;set2;d-(P1-d);False;0
Cc1t;set2;P1+(P1-d);False;9
Cc1t;set2;(T1-d)-d;False;1
Cc1t;set2;(T1+d)-d;False;1
Cc1t;set2;T1-(T1-d);False;0
Cc1t;set2;(T1+P1)-P1;False;0
Cc1t;set2;(T1+P1)-T1;False;0
Cc1t;set2;(T1+P1)+T1;False;0
Cc1t;set2;(T1+P1)+P1;False;0
Cc1t;set2;T1-(T1-P1);False;0
Cc1t;set2;(T1-P1)-P1;False;0
Cc1t;set2;(T1-P1)+P1;False;0
Cc1t;set2;(T1+d)+d;False;0
Cc1t;set2;(P1+d)+P1;False;0
Cc1t;set2;(T1+d)-T1;False;0
Cc1t;set2;P1-(P1-d);False;0
Cc1t;set2;(P1+d)-P1;False;0
Cc1t;set2;(T1-d)+d;False;0
Cc1t;set2;(P1+d)+d;False;1
Cc1t;set2;d+(P1-d);False;0
Cc1t;set2;T1+(T1-P1);False;0
Cc1t;set2;(P1+d)-d;False;0
Cc1t;set2;(T1+d)+T1;False;0
Cc1t;set3;(T1+d)+(T1-P1);True;0
Cc1t;set3;((T1-d)+P1)+d;False;0
Cc1t;set3;T1-((P1+d)-d);False;0
Cc1t;set3;T1+((P1+d)-P1);False;0
Cc1t;set3;(T1+P1)-(P1-d);True;0
Cc1t;set3;T1-((P1+d)-P1);True;0
Cc1t;set3;(T1+(T1-P1))+d;False;0
Cc1t;set3;P1-(T1-(P1+d));False;0
Cc1t;set3;(T1-d)+(T1-P1);True;0
Cc1t;set3;T1+((T1+d)-P1);False;0
Cc1t;set3;((T1+P1)+T1)-d;False;0
Cc1t;set3;T1+(P1+(P1-d));False;0
Cc1t;set3;((T1+d)+P1)+d;False;0
Cc1t;set3;T1+((P1+d)+d);False;0
Cc1t;set3;(T1+P1)+(T1-d);False;0
Cc1t;set3;(T1+(T1-d))+P1;False;0
Cc1t;set3;T1+((P1+d)-d);False;0
Cc1t;set3;(T1+P1)-(T1+d);False;0
Cc1t;set3;((T1-P1)+d)-d;False;0
Cc1t;set3;((T1-P1)+P1)-d;False;0
Cc1t;set3;P1+(T1-(T1-d));False;0
Cc1t;set3;(T1+P1)+(P1+d);False;0
Cc1t;set3;((T1+P1)+d)+d;False;0
Cc1t;set3;((T1+P1)-d)+T1;False;0
Cc1t;set3;(T1-(P1-d))+d;False;0
Cc1t;set3;(T1+(P1-d))-T1;False;0
Cc1t;set3;T1-(d+(P1-d));False;0
Cc1t;set3;P1-((T1-d)-P1);False;0
Cc1t;set3;((T1-d)+P1)-P1;False;0
Cc1t;set3;((T1-d)-P1)-d;False;0
Cc1t;set3;((P1+d)+P1)+T1;False;0
Cc1t;set3;T1+(P1-(P1-d));False;0
Cc1t;set3;(T1-d)-(P1-d);False;0
Cc1t;set3;(T1-P1)-(P1-d);False;1
Cc1t;set3;T1-((P1+d)+d);False;0
Cc1t;set3;((T1+d)+T1)-P1;False;0
Cc1t;set3;(T1+(P1+d))+P1;False;0
Cc1t;set3;(T1+(P1+d))-T1;False;0
Cc1t;set3;T1+(T1-(P1+d));False;0
Cc1t;set3;P1+((T1-P1)-d);False;0
Cc1t;set3;((T1-P1)+d)-P1;False;0
Cc1t;set3;((T1+P1)+T1)+d;False;0
Cc1t;set3;((T1+d)+d)+P1;False;0
Cc1t;set3;(T1-(P1+d))+d;False;0
Cc1t;set3;(T1-P1)+(P1-d);True;177
Cc1t;set3;((T1+d)-d)+P1;False;0
Cc1t;set3;((T1-d)+P1)-d;False;0
Cc1t;set3;(T1+P1)-(P1+d);False;0
Cc1t;set3;((T1+P1)+P1)-d;False;0
Cc1t;set3;T1+((T1-P1)-d);False;0
Cc1t;set3;(T1+(P1+d))+d;False;0
Cc1t;set3;((T1-d)-d)-P1;False;0
Cc1t;set3;((T1+P1)-P1)-d;False;0
Cc1t;set3;T1+(d+(P1-d));False;0
Cc1t;set3;T1-((T1-P1)+d);False;0
Cc1t;set3;T1-(T1-(P1+d));False;0
Cc1t;set3;d+((T1-P1)-P1);False;0
Cc1t;set3;((T1+d)+P1)+T1;False;0
Cc1t;set3;(T1+d)+(P1+d);False;0
Cc1t;set3;(T1+(T1-d))-P1;False;0
Cc1t;set3;((T1+d)+P1)-P1;False;0
Cc1t;set3;((T1+d)-P1)+P1;False;0
Cc1t;set3;((T1-d)+P1)+T1;False;0
Cc1t;set3;((T1+P1)-d)+P1;False;0
Cc1t;set3;((T1+P1)+d)-T1;False;0
Cc1t;set3;(T1-d)+(P1-d);False;0
Cc1t;set3;((T1-P1)+d)+d;False;0
Cc1t;set3;(T1-(T1-P1))-d;False;0
Cc1t;set3;(T1-d)-(T1-P1);False;0
Cc1t;set3;((T1-P1)-d)+d;False;0
Cc1t;set3;T1-((T1+d)-P1);False;0
Cc1t;set3;T1-(d-(P1-d));False;0
Cc1t;set3;(T1+(P1-d))+d;False;0
Cc1t;set3;((T1+P1)-d)-T1;False;0
Cc1t;set3;((T1+P1)-T1)+d;False;0
Cc1t;set3;T1-(T1-(P1-d));True;0
Cc1t;set3;T1-(P1-(P1-d));True;0
Cc1t;set3;((T1-d)+d)+P1;False;0
Cc1t;set3;((T1-P1)+d)+P1;False;0
Cc1t;set3;((P1+d)+P1)-T1;False;0
Cc1t;set3;((T1+d)-d)-P1;False;0
Cc1t;set3;(T1+(P1-d))+P1;False;0
Cc1t;set3;(T1-(P1+d))-d;False;0
Cc1t;set3;(T1-d)-(P1+d);False;0
Cc1t;set3;(T1+d)-(T1-P1);False;0
Cc1t;set3;P1+((T1-d)-P1);False;0
Cc1t;set3;(T1+P1)-(T1-d);False;0
Cc1t;set3;(P1+d)-(T1-P1);False;0
Cc1t;set3;P1-(T1-(T1-d));False;0
Cc1t;set3;((T1+P1)-d)-P1;False;0
Cc1t;set3;T1+((T1-P1)+d);False;0
Cc1t;set3;((T1-d)+P1)-T1;False;0
Cc1t;set3;d-((T1-P1)-P1);False;0
Cc1t;set3;P1+(T1-(P1+d));False;0
Cc1t;set3;P1-((T1+d)-T1);False;0
Cc1t;set3;((T1+P1)+P1)+d;False;0
Cc1t;set3;(T1+(P1-d))-P1;False;0
Cc1t;set3;((T1+P1)+d)-P1;False;0
Cc1t;set3;T1-((T1-d)-P1);False;0
Cc1t;set3;(T1+(T1-P1))-d;True;0
Cc1t;set3;((T1-P1)-d)-d;False;0
Cc1t;set3;((T1+P1)-T1)-d;False;0
Cc1t;set3;((T1+P1)-d)+d;False;0
Cc1t;set3;((T1+P1)-P1)+d;False;0
Cc1t;set3;((T1-d)-d)+P1;False;0
Cc1t;set3;(T1-(P1-d))-P1;False;0
Cc1t;set3;((T1+d)-P1)-d;False;0
Cc1t;set3;T1-(P1+(P1-d));False;0
Cc1t;set3;(T1-d)+(P1+d);False;0
Cc1t;set3;(T1+P1)+(T1+d);False;0
Cc1t;set3;(T1+(P1+d))+T1;False;0
Cc1t;set3;((T1-P1)+P1)+d;False;0
Cc1t;set3;T1+(T1-(P1-d));False;0
Cc1t;set3;T1+((T1-d)-P1);False;0
Cc1t;set3;(T1+d)-(P1-d);False;0
Cc1t;set3;((T1+P1)+d)-d;False;0
Cc1t;set3;((T1+P1)-d)-d;False;0
Cc1t;set3;(P1+d)+(T1-P1);True;0
Cc1t;set3;((T1+P1)+d)+T1;False;0
Cc1t;set3;(T1+(P1-d))-d;False;0
Cc1t;set3;((T1+P1)+d)+P1;False;0
Cc1t;set3;((T1+d)+d)-P1;False;0
Cc1t;set3;((T1+d)+P1)-d;False;0
Cc1t;set3;((T1-d)+d)-P1;False;0
Cc1t;set3;T1-((T1-P1)-d);False;0
Cc1t;set3;((T1+d)+P1)+P1;False;0
Cc1t;set3;((T1+d)+P1)-T1;False;0
Cc1t;set3;(T1+(P1+d))-P1;False;0
Cc1t;set3;(T1+d)+(P1-d);False;0
Cc1t;set3;((T1-d)+P1)+P1;False;0
Cc1t;set3;(T1+P1)+(P1-d);False;0
Cc1t;set3;T1+(d-(P1-d));False;0
Cc1t;set3;((T1+d)-P1)+d;False;0
Cc1t;set3;((T1+d)+T1)+P1;False;0
Cc1t;set3;(T1+(P1-d))+T1;False;0
Cc1t;set3;(T1+d)-(P1+d);False;0
Cc1t;set3;(T1-(P1-d))+P1;False;0
Cc1t;set3;(T1+(P1+d))-d;False;0
Cc1t;set3;(T1-(P1-d))-d;False;0
Cc1t;set3;((T1-d)-P1)+d;False;0
Cc1t;set3;P1+((T1+d)-T1);False;0
Cc1t;set3;P1-((T1-P1)-d);False;0
Cc1t;set3;(T1-(T1-P1))+d;False;0
Cc1t;set3;((T1+d)-P1)-P1;False;0
Tc3p;set0;T1+d;True;4
Tc3p;set0;T1+P1;False;3
Tc3p;set0;P1-d;True;21
Tc3p;set0;T1-P1;True;4
Tc3p;set0;P1+d;True;8
Tc3p;set0;T1-d;True;96
Tc3p;set1;T1+(P1+d);False;0
Tc3p;set1;(T1+d)+P1;False;0
Tc3p;set1;(T1+P1)-d;False;33
Tc3p;set1;T1-(P1-d);True;0
Tc3p;set1;(T1+d)-P1;True;0
Tc3p;set1;(T1-P1)-d;True;7
Tc3p;set1;(T1-P1)+d;True;3
Tc3p;set1;(T1-d)+P1;False;1
Tc3p;set1;T1+(P1-d);False;0
Tc3p;set1;(T1+P1)+d;False;1
Tc3p;set1;(T1-d)-P1;True;15
Tc3p;set1;T1-(P1+d);False;0
Tc3p;set2;T1+(T1-d);False;0
Tc3p;set2;P1+(P1-d);False;0
Tc3p;set2;(T1-d)-d;True;0
Tc3p;set2;(P1-d)+d;False;0
Tc3p;set2;(T1+d)-d;False;5
Tc3p;set2;T1-(T1-d);True;0
Tc3p;set2;(T1+P1)-P1;False;0
Tc3p;set2;(T1+P1)-T1;True;0
Tc3p;set2;(T1+P1)+T1;False;0
Tc3p;set2;(P1-d)-d;False;0
Tc3p;set2;(T1+P1)+P1;False;0
Tc3p;set2;T1-(T1-P1);True;1
Tc3p;set2;(T1-P1)-P1;True;0
Tc3p;set2;(T1-P1)+P1;False;0
Tc3p;set2;(T1+d)+d;False;0
Tc3p;set2;(P1+d)+P1;False;0
Tc3p;set2;(T1+d)-T1;True;0
Tc3p;set2;P1-(P1-d);True;1
Tc3p;set2;(P1+d)-P1;False;0
Tc3p;set2;(T1-d)+d;False;0
Tc3p;set2;(P1+d)+d;False;0
Tc3p;set2;T1+(T1-P1);False;0
Tc3p;set2;(P1+d)-d;False;2
Tc3p;set2;(T1+d)+T1;False;0
Tc3p;set3;(T1+d)+(T1-P1);False;0
Tc3p;set3;((T1-d)+P1)+d;False;0
Tc3p;set3;T1-((P1+d)-d);False;0
Tc3p;set3;T1+((P1+d)-P1);False;0
Tc3p;set3;(T1+P1)-(P1-d);False;0
Tc3p;set3;T1-((P1+d)-P1);False;0
Tc3p;set3;(T1+(T1-P1))+d;False;0
Tc3p;set3;P1-(T1-(P1+d));False;0
Tc3p;set3;(T1-d)+(T1-P1);False;0
Tc3p;set3;T1+((T1+d)-P1);False;0
Tc3p;set3;((T1+P1)+T1)-d;False;0
Tc3p;set3;T1+(P1+(P1-d));False;0
Tc3p;set3;((T1+d)+P1)+d;False;0
Tc3p;set3;T1+((P1+d)+d);False;0
Tc3p;set3;(T1+P1)+(T1-d);False;0
Tc3p;set3;(T1+d)+(P1+d);False;0
Tc3p;set3;T1+((P1+d)-d);False;0
Tc3p;set3;(T1+P1)-(T1+d);False;0
Tc3p;set3;((T1-P1)+d)-d;False;0
Tc3p;set3;((T1-P1)+P1)-d;False;0
Tc3p;set3;P1+(T1-(T1-d));False;0
Tc3p;set3;(T1+P1)+(P1+d);False;0
Tc3p;set3;((T1+P1)+d)+d;False;0
Tc3p;set3;(T1-(P1-d))+d;False;0
Tc3p;set3;(T1+(P1-d))-T1;False;0
Tc3p;set3;P1-((T1-d)-P1);False;0
Tc3p;set3;((T1-d)+P1)-P1;False;0
Tc3p;set3;((T1-d)-P1)-d;False;0
Tc3p;set3;((P1+d)+P1)+T1;False;0
Tc3p;set3;T1+(P1-(P1-d));False;0
Tc3p;set3;(T1-d)-(P1-d);True;0
Tc3p;set3;(T1-P1)-(P1-d);True;0
Tc3p;set3;T1-((P1+d)+d);False;0
Tc3p;set3;((T1+d)+T1)-P1;False;0
Tc3p;set3;(T1+(P1+d))+P1;False;0
Tc3p;set3;(T1+(P1+d))-T1;False;0
Tc3p;set3;T1+(T1-(P1+d));False;0
Tc3p;set3;P1+((T1-P1)-d);False;1
Tc3p;set3;((T1-P1)+d)-P1;False;0
Tc3p;set3;((T1+P1)+T1)+d;False;0
Tc3p;set3;((T1+d)+d)+P1;False;0
Tc3p;set3;(T1-(P1+d))+d;False;0
Tc3p;set3;(T1-P1)+(P1-d);False;0
Tc3p;set3;((T1+d)-d)+P1;False;0
Tc3p;set3;((T1-d)+P1)-d;False;0
Tc3p;set3;(T1+P1)-(P1+d);False;0
Tc3p;set3;((T1+P1)+P1)-d;False;0
Tc3p;set3;T1+((T1-P1)-d);False;0
Tc3p;set3;(T1+(P1+d))+d;False;0
Tc3p;set3;((T1-d)-d)-P1;False;0
Tc3p;set3;((T1+P1)-P1)-d;True;0
Tc3p;set3;T1-((T1-P1)+d);False;0
Tc3p;set3;T1-(T1-(P1+d));False;0
Tc3p;set3;d+((T1-P1)-P1);False;0
Tc3p;set3;((T1+P1)+d)+T1;False;0
Tc3p;set3;((T1+P1)-d)+T1;False;0
Tc3p;set3;T1+((P1-d)-d);False;0
Tc3p;set3;(T1+(T1-d))-P1;False;0
Tc3p;set3;((T1+d)+P1)-P1;False;0
Tc3p;set3;T1-((P1-d)-d);False;0
Tc3p;set3;((T1+d)-P1)+P1;False;0
Tc3p;set3;((T1-d)+P1)+T1;False;0
Tc3p;set3;((T1+P1)-d)+P1;False;0
Tc3p;set3;((T1+P1)+d)-T1;True;0
Tc3p;set3;(T1-d)+(P1-d);False;0
Tc3p;set3;((T1-P1)+d)+d;False;0
Tc3p;set3;(T1-(T1-P1))-d;True;0
Tc3p;set3;(T1-d)-(T1-P1);True;17
Tc3p;set3;((T1-P1)-d)+d;False;0
Tc3p;set3;T1-((T1+d)-P1);False;0
Tc3p;set3;(T1+(P1-d))+d;False;0
Tc3p;set3;((T1+P1)-d)-T1;True;0
Tc3p;set3;((T1+P1)-T1)+d;False;0
Tc3p;set3;T1-(T1-(P1-d));False;0
Tc3p;set3;T1-(P1-(P1-d));False;0
Tc3p;set3;((T1-d)+d)+P1;False;0
Tc3p;set3;((T1+d)+P1)+T1;False;0
Tc3p;set3;(T1-(P1+d))-d;False;0
Tc3p;set3;((P1+d)+P1)-T1;False;0
Tc3p;set3;((T1+d)-d)-P1;False;0
Tc3p;set3;(T1+(P1-d))+P1;False;0
Tc3p;set3;((T1-P1)+d)+P1;False;0
Tc3p;set3;(T1-d)-(P1+d);False;0
Tc3p;set3;(T1+d)-(T1-P1);True;0
Tc3p;set3;P1+((T1-d)-P1);False;0
Tc3p;set3;(T1+P1)-(T1-d);True;0
Tc3p;set3;(P1+d)-(T1-P1);True;0
Tc3p;set3;P1-(T1-(T1-d));True;0
Tc3p;set3;((T1+P1)-d)-P1;True;0
Tc3p;set3;T1+((T1-P1)+d);False;0
Tc3p;set3;((T1-d)+P1)-T1;False;0
Tc3p;set3;d-((T1-P1)-P1);True;0
Tc3p;set3;P1+(T1-(P1+d));False;0
Tc3p;set3;P1-((T1+d)-T1);False;0
Tc3p;set3;((T1+P1)+P1)+d;False;0
Tc3p;set3;(T1+(P1-d))-P1;False;0
Tc3p;set3;((T1+P1)+d)-P1;False;0
Tc3p;set3;T1-((T1-d)-P1);False;0
Tc3p;set3;(T1+(T1-P1))-d;False;0
Tc3p;set3;((T1-P1)-d)-d;True;0
Tc3p;set3;(T1+d)+(P1-d);False;0
Tc3p;set3;((T1+P1)-T1)-d;False;0
Tc3p;set3;((T1+P1)-d)+d;False;0
Tc3p;set3;((T1+P1)-P1)+d;False;0
Tc3p;set3;((T1-d)-d)+P1;False;0
Tc3p;set3;(T1-(P1-d))-P1;False;0
Tc3p;set3;((T1+d)-P1)-d;False;0
Tc3p;set3;T1-(P1+(P1-d));False;0
Tc3p;set3;(T1-d)+(P1+d);False;0
Tc3p;set3;(T1+P1)+(T1+d);False;0
Tc3p;set3;(T1+(P1+d))+T1;False;0
Tc3p;set3;((T1-P1)+P1)+d;False;0
Tc3p;set3;T1+(T1-(P1-d));False;0
Tc3p;set3;T1+((T1-d)-P1);False;0
Tc3p;set3;(T1+d)-(P1-d);False;0
Tc3p;set3;((T1+P1)+d)-d;False;0
Tc3p;set3;((T1+P1)-d)-d;False;0
Tc3p;set3;(P1+d)+(T1-P1);False;0
Tc3p;set3;(T1+(T1-d))+P1;False;0
Tc3p;set3;(T1+(P1-d))-d;False;0
Tc3p;set3;((T1+P1)+d)+P1;False;0
Tc3p;set3;((T1+d)+d)-P1;False;0
Tc3p;set3;((T1+d)+P1)-d;False;0
Tc3p;set3;((T1-d)+d)-P1;False;0
Tc3p;set3;T1-((T1-P1)-d);True;0
Tc3p;set3;((T1+d)+P1)+P1;False;0
Tc3p;set3;((T1+d)+P1)-T1;False;0
Tc3p;set3;(T1+(P1+d))-P1;False;0
Tc3p;set3;T1+((P1-d)+d);False;0
Tc3p;set3;((T1-d)+P1)+P1;False;0
Tc3p;set3;(T1+P1)+(P1-d);False;0
Tc3p;set3;((T1+d)-P1)+d;False;0
Tc3p;set3;((T1+d)+T1)+P1;False;0
Tc3p;set3;(T1+(P1-d))+T1;False;0
Tc3p;set3;(T1+d)-(P1+d);False;0
Tc3p;set3;(T1-(P1-d))+P1;False;0
Tc3p;set3;(T1+(P1+d))-d;False;0
Tc3p;set3;T1-((P1-d)+d);False;0
Tc3p;set3;(T1-(P1-d))-d;False;0
Tc3p;set3;((T1-d)-P1)+d;False;0
Tc3p;set3;P1+((T1+d)-T1);False;0
Tc3p;set3;P1-((T1-P1)-d);True;0
Tc3p;set3;(T1-(T1-P1))+d;False;0
Tc3p;set3;((T1+d)-P1)-P1;False;0
